parcel_id,district,mandal,village,survey_no,latitude,longitude,parcel_area_acres,geometry_type,boundary_status,elevation_m,slope_percent,watershed_code,land_use_type
AP_ANP_00001,Anantapur,Kalyandurg,Nallamada,SY-10001,15.121143,78.117589,4.99,Polygon,Verified,328.0,1.17,WS_9322,Agricultural
AP_ANP_00002,Anantapur,Uravakonda,Talupula,SY-10002,15.151856,78.298397,2.09,Polygon,Verified,341.7,4.0,WS_7396,Agricultural
AP_ANP_00003,Anantapur,Raptadu,Atmakur,SY-10003,14.439639,77.51975,0.85,Polygon,Estimated,366.4,1.54,WS_4005,Agricultural
AP_ANP_00004,Anantapur,Kadiri,Beluguppa,SY-10004,15.173169,77.640173,6.95,Polygon,Verified,475.2,0.65,WS_9792,Agricultural
AP_ANP_00005,Anantapur,Tadipatri,Putlur,SY-10005,14.087382,76.97581,5.63,Polygon,Verified,311.0,6.19,WS_9226,Agricultural
AP_ANP_00006,Anantapur,Anantapur,Nallamada,SY-10006,13.891578,78.159651,3.69,Polygon,Verified,533.9,0.86,WS_7873,Agricultural
AP_ANP_00007,Anantapur,Tadipatri,Putlur,SY-10007,15.031724,77.87622,7.41,Polygon,Verified,348.0,1.02,WS_7439,Agricultural
AP_ANP_00008,Anantapur,Gooty,Kakkalapalli,SY-10008,14.463507,77.856152,7.74,Polygon,Verified,388.0,3.91,WS_1064,Agricultural
AP_ANP_00009,Anantapur,Raptadu,Beluguppa,SY-10009,14.277442,77.510787,2.7,Polygon,Verified,349.4,8.68,WS_6892,Agricultural
AP_ANP_00010,Anantapur,Bukkarayasamudram,Beluguppa,SY-10010,14.641723,78.446927,6.88,Polygon,Verified,297.7,4.76,WS_9996,Agricultural
AP_ANP_00011,Anantapur,Kadiri,Bommanahal,SY-10011,14.039555,77.810238,3.37,Polygon,Estimated,674.5,8.8,WS_1502,Agricultural
AP_ANP_00012,Anantapur,Kalyandurg,Bathalapalli,SY-10012,14.737061,76.999603,3.8,Polygon,Verified,697.9,5.97,WS_6116,Agricultural
AP_ANP_00013,Anantapur,Dharmavaram,Talupula,SY-10013,13.998868,77.538689,6.17,Polygon,Verified,288.5,3.83,WS_4157,Agricultural
AP_ANP_00014,Anantapur,Tadipatri,Putlur,SY-10014,14.892993,77.940127,7.04,Polygon,Estimated,343.3,10.76,WS_6450,Agricultural
AP_ANP_00015,Anantapur,Bukkarayasamudram,Beluguppa,SY-10015,15.033746,77.372406,1.33,Polygon,Verified,463.6,9.91,WS_6864,Agricultural
AP_ANP_00016,Anantapur,Kadiri,Beluguppa,SY-10016,13.863449,77.761361,4.14,Polygon,Verified,384.7,3.31,WS_8994,Agricultural
AP_ANP_00017,Anantapur,Uravakonda,Bommanahal,SY-10017,14.72483,77.454533,7.79,Polygon,Estimated,375.9,6.22,WS_8280,Agricultural
AP_ANP_00018,Anantapur,Gooty,Atmakur,SY-10018,15.196385,77.280206,7.82,Polygon,Verified,266.5,4.47,WS_7528,Agricultural
AP_ANP_00019,Anantapur,Kadiri,Kakkalapalli,SY-10019,14.449495,77.60601,4.65,Polygon,Verified,290.4,4.75,WS_9958,Agricultural
AP_ANP_00020,Anantapur,Uravakonda,Bommanahal,SY-10020,14.352481,78.570162,3.49,Polygon,Estimated,649.2,2.23,WS_5282,Agricultural
AP_ANP_00021,Anantapur,Uravakonda,Yellanur,SY-10021,14.545429,78.019616,0.62,Polygon,Verified,363.2,7.92,WS_2843,Agricultural
AP_ANP_00022,Anantapur,Raptadu,Atmakur,SY-10022,14.236115,77.731952,6.78,Polygon,Verified,617.6,2.9,WS_6534,Agricultural
AP_ANP_00023,Anantapur,Bukkarayasamudram,Yellanur,SY-10023,13.96568,77.114919,7.87,Polygon,Verified,380.4,11.96,WS_5548,Agricultural
AP_ANP_00024,Anantapur,Gooty,Beluguppa,SY-10024,14.142448,77.428577,5.94,Polygon,Estimated,693.5,9.47,WS_2648,Agricultural
AP_ANP_00025,Anantapur,Rayadurg,Nallamada,SY-10025,15.037687,77.891572,0.57,Polygon,Verified,581.8,0.56,WS_5973,Agricultural
AP_ANP_00026,Anantapur,Tadipatri,Kakkalapalli,SY-10026,14.707032,77.97353,2.18,Polygon,Verified,368.6,4.24,WS_4987,Agricultural
AP_ANP_00027,Anantapur,Rayadurg,Bommanahal,SY-10027,14.958757,77.983703,4.76,Polygon,Verified,433.9,3.55,WS_7893,Agricultural
AP_ANP_00028,Anantapur,Uravakonda,Kanekal,SY-10028,14.228956,78.405684,5.23,Polygon,Verified,501.3,7.13,WS_6600,Agricultural
AP_ANP_00029,Anantapur,Gooty,Yellanur,SY-10029,14.515207,78.183397,0.83,Polygon,Estimated,485.0,3.71,WS_2060,Agricultural
AP_ANP_00030,Anantapur,Rayadurg,Atmakur,SY-10030,14.484424,77.830126,7.85,Polygon,Verified,402.8,2.7,WS_2184,Agricultural
AP_ANP_00031,Anantapur,Kadiri,Kakkalapalli,SY-10031,14.490882,78.485079,5.72,Polygon,Verified,298.6,7.57,WS_2686,Agricultural
AP_ANP_00032,Anantapur,Tadipatri,Putlur,SY-10032,15.003797,78.133384,5.73,Polygon,Verified,429.7,3.88,WS_3806,Agricultural
AP_ANP_00033,Anantapur,Bukkarayasamudram,Yellanur,SY-10033,14.009931,77.900725,1.11,Polygon,Verified,563.9,2.73,WS_7655,Agricultural
AP_ANP_00034,Anantapur,Kadiri,Beluguppa,SY-10034,13.644187,77.841957,3.79,Polygon,Verified,414.1,2.28,WS_2148,Agricultural
AP_ANP_00035,Anantapur,Uravakonda,Putlur,SY-10035,14.976647,77.250452,0.79,Polygon,Verified,518.5,4.26,WS_4124,Agricultural
AP_ANP_00036,Anantapur,Gooty,Beluguppa,SY-10036,13.736556,76.893027,4.49,Polygon,Verified,568.7,8.85,WS_5465,Agricultural
AP_ANP_00037,Anantapur,Bukkarayasamudram,Yellanur,SY-10037,14.872298,77.287498,3.79,Polygon,Verified,262.7,11.57,WS_3838,Agricultural
AP_ANP_00038,Anantapur,Raptadu,Talupula,SY-10038,13.69311,78.447385,3.82,Polygon,Verified,296.9,2.6,WS_8404,Agricultural
AP_ANP_00039,Anantapur,Gooty,Atmakur,SY-10039,15.127784,78.128214,4.66,Polygon,Verified,459.8,3.35,WS_2679,Agricultural
AP_ANP_00040,Anantapur,Kadiri,Talupula,SY-10040,13.792263,77.415383,1.19,Polygon,Verified,405.7,11.76,WS_7617,Agricultural
AP_ANP_00041,Anantapur,Gooty,Beluguppa,SY-10041,14.154087,77.636413,5.37,Polygon,Verified,724.6,10.7,WS_8390,Agricultural
AP_ANP_00042,Anantapur,Bukkarayasamudram,Putlur,SY-10042,15.093498,77.701872,4.55,Polygon,Verified,557.9,11.35,WS_7303,Agricultural
AP_ANP_00043,Anantapur,Dharmavaram,Bommanahal,SY-10043,14.683469,77.832061,1.46,Polygon,Estimated,660.3,7.7,WS_6536,Agricultural
AP_ANP_00044,Anantapur,Rayadurg,Putlur,SY-10044,13.930695,77.29313,2.11,Polygon,Verified,269.5,7.61,WS_9967,Agricultural
AP_ANP_00045,Anantapur,Bukkarayasamudram,Putlur,SY-10045,13.637235,78.266043,2.61,Polygon,Verified,598.4,7.73,WS_1412,Agricultural
AP_ANP_00046,Anantapur,Rayadurg,Nallamada,SY-10046,14.268714,78.541645,4.61,Polygon,Verified,534.3,7.12,WS_2122,Agricultural
AP_ANP_00047,Anantapur,Dharmavaram,Kakkalapalli,SY-10047,14.000026,77.844979,7.0,Polygon,Verified,369.3,8.32,WS_3914,Agricultural
AP_ANP_00048,Anantapur,Raptadu,Atmakur,SY-10048,14.454924,77.69381,3.42,Polygon,Verified,300.0,1.12,WS_8400,Agricultural
AP_ANP_00049,Anantapur,Kadiri,Bathalapalli,SY-10049,14.110902,78.510112,7.63,Polygon,Verified,565.9,5.66,WS_8266,Agricultural
AP_ANP_00050,Anantapur,Raptadu,Nallamada,SY-10050,14.67603,78.154274,6.44,Polygon,Verified,295.6,6.19,WS_7541,Agricultural
AP_ANP_00051,Anantapur,Bukkarayasamudram,Talupula,SY-10051,14.779257,77.782648,5.79,Polygon,Estimated,594.0,10.13,WS_8056,Agricultural
AP_ANP_00052,Anantapur,Uravakonda,Beluguppa,SY-10052,14.281746,77.200638,3.47,Polygon,Estimated,323.3,6.4,WS_6541,Agricultural
AP_ANP_00053,Anantapur,Kadiri,Bommanahal,SY-10053,14.198833,77.467156,6.6,Polygon,Estimated,743.0,9.16,WS_4141,Agricultural
AP_ANP_00054,Anantapur,Kadiri,Kanekal,SY-10054,14.728135,77.247703,2.98,Polygon,Verified,376.8,5.16,WS_4709,Agricultural
AP_ANP_00055,Anantapur,Bukkarayasamudram,Nallamada,SY-10055,13.790109,77.011547,5.37,Polygon,Verified,541.7,11.56,WS_2214,Agricultural
AP_ANP_00056,Anantapur,Anantapur,Bathalapalli,SY-10056,14.989759,77.202473,7.72,Polygon,Verified,734.9,1.0,WS_5175,Agricultural
AP_ANP_00057,Anantapur,Uravakonda,Talupula,SY-10057,15.188744,76.932834,4.65,Polygon,Estimated,511.5,7.74,WS_6645,Agricultural
AP_ANP_00058,Anantapur,Anantapur,Talupula,SY-10058,14.71508,77.491563,6.03,Polygon,Estimated,729.4,1.17,WS_9549,Agricultural
AP_ANP_00059,Anantapur,Rayadurg,Talupula,SY-10059,14.04381,77.138618,3.98,Polygon,Verified,541.8,1.39,WS_5835,Agricultural
AP_ANP_00060,Anantapur,Uravakonda,Atmakur,SY-10060,14.047622,77.540172,5.02,Polygon,Verified,316.6,1.38,WS_6713,Agricultural
AP_ANP_00061,Anantapur,Kadiri,Talupula,SY-10061,14.581464,77.552837,7.5,Polygon,Estimated,272.6,0.8,WS_3193,Agricultural
AP_ANP_00062,Anantapur,Anantapur,Talupula,SY-10062,14.799325,77.507381,6.72,Polygon,Verified,281.8,0.92,WS_9702,Agricultural
AP_ANP_00063,Anantapur,Anantapur,Talupula,SY-10063,13.690201,78.3565,6.6,Polygon,Estimated,748.3,6.89,WS_8140,Agricultural
AP_ANP_00064,Anantapur,Gooty,Talupula,SY-10064,14.81133,77.480131,2.31,Polygon,Verified,375.7,3.66,WS_8939,Agricultural
AP_ANP_00065,Anantapur,Anantapur,Atmakur,SY-10065,14.811199,76.884414,2.52,Polygon,Verified,499.1,5.98,WS_1770,Agricultural
AP_ANP_00066,Anantapur,Tadipatri,Atmakur,SY-10066,14.483051,77.809688,7.07,Polygon,Verified,317.0,0.83,WS_2252,Agricultural
AP_ANP_00067,Anantapur,Gooty,Kakkalapalli,SY-10067,14.888071,78.425672,5.13,Polygon,Estimated,554.0,7.82,WS_8002,Agricultural
AP_ANP_00068,Anantapur,Kadiri,Kakkalapalli,SY-10068,14.157209,77.725181,6.38,Polygon,Verified,561.0,10.42,WS_3180,Agricultural
AP_ANP_00069,Anantapur,Dharmavaram,Putlur,SY-10069,15.08254,77.685809,2.44,Polygon,Verified,740.0,6.17,WS_5300,Agricultural
AP_ANP_00070,Anantapur,Kadiri,Bathalapalli,SY-10070,14.336191,77.852579,3.5,Polygon,Verified,340.0,8.51,WS_9472,Agricultural
AP_ANP_00071,Anantapur,Kadiri,Yellanur,SY-10071,14.424378,78.551599,5.01,Polygon,Verified,660.9,4.47,WS_5777,Agricultural
AP_ANP_00072,Anantapur,Uravakonda,Talupula,SY-10072,14.477944,77.761962,3.17,Polygon,Estimated,314.4,4.3,WS_8240,Agricultural
AP_ANP_00073,Anantapur,Bukkarayasamudram,Bathalapalli,SY-10073,14.369833,78.038012,4.34,Polygon,Verified,438.6,0.53,WS_2276,Agricultural
AP_ANP_00074,Anantapur,Dharmavaram,Bommanahal,SY-10074,14.375237,77.912859,3.27,Polygon,Verified,623.7,0.92,WS_6126,Agricultural
AP_ANP_00075,Anantapur,Kadiri,Beluguppa,SY-10075,14.418684,77.757804,1.3,Polygon,Verified,516.3,3.29,WS_9152,Agricultural
AP_ANP_00076,Anantapur,Kalyandurg,Talupula,SY-10076,13.891654,77.815137,6.81,Polygon,Verified,517.7,3.18,WS_4596,Agricultural
AP_ANP_00077,Anantapur,Dharmavaram,Bathalapalli,SY-10077,14.686564,78.220508,4.24,Polygon,Verified,518.6,7.25,WS_8943,Agricultural
AP_ANP_00078,Anantapur,Rayadurg,Atmakur,SY-10078,14.503134,77.481791,3.03,Polygon,Estimated,553.8,3.31,WS_1876,Agricultural
AP_ANP_00079,Anantapur,Uravakonda,Talupula,SY-10079,15.093907,76.813562,2.19,Polygon,Verified,493.9,10.28,WS_4517,Agricultural
AP_ANP_00080,Anantapur,Rayadurg,Beluguppa,SY-10080,14.947702,76.892944,0.64,Polygon,Verified,748.6,10.81,WS_9659,Agricultural
AP_ANP_00081,Anantapur,Dharmavaram,Kanekal,SY-10081,15.160107,77.683348,5.92,Polygon,Estimated,609.2,6.65,WS_7316,Agricultural
AP_ANP_00082,Anantapur,Gooty,Kanekal,SY-10082,15.148791,78.079714,2.0,Polygon,Verified,514.9,8.63,WS_2828,Agricultural
AP_ANP_00083,Anantapur,Dharmavaram,Yellanur,SY-10083,13.682918,77.405888,1.51,Polygon,Verified,745.0,4.21,WS_2619,Agricultural
AP_ANP_00084,Anantapur,Anantapur,Talupula,SY-10084,13.604337,77.010053,4.05,Polygon,Verified,647.1,1.73,WS_2604,Agricultural
AP_ANP_00085,Anantapur,Tadipatri,Talupula,SY-10085,14.769388,78.489013,1.86,Polygon,Verified,620.6,7.11,WS_6951,Agricultural
AP_ANP_00086,Anantapur,Rayadurg,Bathalapalli,SY-10086,14.800803,78.239167,6.69,Polygon,Verified,367.8,7.79,WS_5227,Agricultural
AP_ANP_00087,Anantapur,Raptadu,Putlur,SY-10087,14.227912,78.269879,3.79,Polygon,Verified,481.3,3.97,WS_6142,Agricultural
AP_ANP_00088,Anantapur,Anantapur,Bathalapalli,SY-10088,14.16858,77.504668,4.49,Polygon,Verified,364.5,6.74,WS_9389,Agricultural
AP_ANP_00089,Anantapur,Uravakonda,Yellanur,SY-10089,14.604333,77.40283,1.54,Polygon,Verified,560.0,6.63,WS_1922,Agricultural
AP_ANP_00090,Anantapur,Dharmavaram,Kanekal,SY-10090,14.803845,78.072565,6.34,Polygon,Verified,352.3,8.71,WS_5612,Agricultural
AP_ANP_00091,Anantapur,Bukkarayasamudram,Atmakur,SY-10091,13.764666,77.765666,3.34,Polygon,Verified,552.0,6.28,WS_4719,Agricultural
AP_ANP_00092,Anantapur,Gooty,Nallamada,SY-10092,14.755604,78.096066,5.31,Polygon,Verified,521.4,3.4,WS_3116,Agricultural
AP_ANP_00093,Anantapur,Dharmavaram,Putlur,SY-10093,14.148039,77.209232,3.68,Polygon,Verified,557.5,10.99,WS_8783,Agricultural
AP_ANP_00094,Anantapur,Tadipatri,Bathalapalli,SY-10094,14.009625,78.106972,4.95,Polygon,Verified,709.4,9.59,WS_4876,Agricultural
AP_ANP_00095,Anantapur,Rayadurg,Putlur,SY-10095,14.833995,77.473984,1.02,Polygon,Verified,302.1,10.17,WS_2792,Agricultural
AP_ANP_00096,Anantapur,Gooty,Talupula,SY-10096,13.864833,77.135378,6.78,Polygon,Verified,405.7,3.12,WS_3708,Agricultural
AP_ANP_00097,Anantapur,Raptadu,Talupula,SY-10097,14.136316,78.245136,0.53,Polygon,Verified,449.1,6.68,WS_8973,Agricultural
AP_ANP_00098,Anantapur,Tadipatri,Beluguppa,SY-10098,14.155125,78.127502,3.89,Polygon,Verified,476.2,2.12,WS_2990,Agricultural
AP_ANP_00099,Anantapur,Dharmavaram,Kanekal,SY-10099,13.654207,77.360652,6.35,Polygon,Verified,360.0,2.95,WS_1966,Agricultural
AP_ANP_00100,Anantapur,Anantapur,Nallamada,SY-10100,14.334382,77.80315,6.95,Polygon,Verified,342.2,3.95,WS_2759,Agricultural
AP_ANP_00101,Anantapur,Kalyandurg,Yellanur,SY-10101,13.935849,78.416498,2.04,Polygon,Verified,268.3,5.93,WS_8186,Agricultural
AP_ANP_00102,Anantapur,Tadipatri,Atmakur,SY-10102,14.840844,77.61592,4.43,Polygon,Verified,450.4,6.94,WS_5926,Agricultural
AP_ANP_00103,Anantapur,Dharmavaram,Atmakur,SY-10103,14.13498,76.935906,6.15,Polygon,Verified,698.7,6.56,WS_1054,Agricultural
AP_ANP_00104,Anantapur,Tadipatri,Beluguppa,SY-10104,14.654278,76.848773,2.16,Polygon,Verified,585.9,0.73,WS_8221,Agricultural
AP_ANP_00105,Anantapur,Raptadu,Talupula,SY-10105,13.885671,77.974943,2.29,Polygon,Verified,371.6,8.81,WS_3538,Agricultural
AP_ANP_00106,Anantapur,Dharmavaram,Nallamada,SY-10106,14.668936,77.168972,2.7,Polygon,Estimated,256.5,1.48,WS_3198,Agricultural
AP_ANP_00107,Anantapur,Gooty,Yellanur,SY-10107,13.796443,78.377599,5.32,Polygon,Verified,705.3,7.68,WS_4594,Agricultural
AP_ANP_00108,Anantapur,Bukkarayasamudram,Kakkalapalli,SY-10108,14.180895,76.861611,6.73,Polygon,Verified,636.9,4.67,WS_8083,Agricultural
AP_ANP_00109,Anantapur,Kadiri,Nallamada,SY-10109,15.159276,78.203566,1.36,Polygon,Verified,742.7,5.92,WS_5831,Agricultural
AP_ANP_00110,Anantapur,Anantapur,Kakkalapalli,SY-10110,13.635951,77.283619,4.56,Polygon,Verified,378.9,2.1,WS_3541,Agricultural
AP_ANP_00111,Anantapur,Dharmavaram,Putlur,SY-10111,14.441104,77.109023,2.54,Polygon,Verified,707.1,1.85,WS_6475,Agricultural
AP_ANP_00112,Anantapur,Raptadu,Kanekal,SY-10112,13.707481,77.529447,4.23,Polygon,Verified,303.3,2.11,WS_3074,Agricultural
AP_ANP_00113,Anantapur,Raptadu,Kanekal,SY-10113,14.771495,77.251315,5.25,Polygon,Verified,536.6,10.14,WS_4028,Agricultural
AP_ANP_00114,Anantapur,Bukkarayasamudram,Kakkalapalli,SY-10114,13.866053,78.128461,1.12,Polygon,Verified,372.7,4.98,WS_6415,Agricultural
AP_ANP_00115,Anantapur,Dharmavaram,Atmakur,SY-10115,14.754453,77.898728,7.62,Polygon,Verified,727.0,2.05,WS_8479,Agricultural
AP_ANP_00116,Anantapur,Anantapur,Putlur,SY-10116,13.649893,77.272075,4.96,Polygon,Verified,498.2,7.36,WS_1481,Agricultural
AP_ANP_00117,Anantapur,Raptadu,Putlur,SY-10117,14.35878,77.419891,3.14,Polygon,Verified,602.5,7.38,WS_8970,Agricultural
AP_ANP_00118,Anantapur,Kadiri,Kakkalapalli,SY-10118,14.879065,78.050454,2.54,Polygon,Verified,430.5,1.55,WS_5090,Agricultural
AP_ANP_00119,Anantapur,Anantapur,Atmakur,SY-10119,15.12038,77.60281,1.89,Polygon,Verified,686.5,8.92,WS_3708,Agricultural
AP_ANP_00120,Anantapur,Anantapur,Beluguppa,SY-10120,14.758565,77.947017,7.85,Polygon,Estimated,573.3,8.47,WS_9680,Agricultural
AP_ANP_00121,Anantapur,Bukkarayasamudram,Putlur,SY-10121,14.541222,78.598836,4.67,Polygon,Verified,406.4,1.89,WS_8686,Agricultural
AP_ANP_00122,Anantapur,Raptadu,Yellanur,SY-10122,15.079034,78.547905,7.58,Polygon,Verified,681.0,10.21,WS_5497,Agricultural
AP_ANP_00123,Anantapur,Bukkarayasamudram,Beluguppa,SY-10123,13.659212,77.873286,2.23,Polygon,Verified,288.5,8.51,WS_3983,Agricultural
AP_ANP_00124,Anantapur,Bukkarayasamudram,Beluguppa,SY-10124,14.247177,77.83037,6.53,Polygon,Verified,580.8,8.99,WS_9684,Agricultural
AP_ANP_00125,Anantapur,Bukkarayasamudram,Kakkalapalli,SY-10125,13.639041,78.366178,0.66,Polygon,Estimated,514.5,11.3,WS_4810,Agricultural
AP_ANP_00126,Anantapur,Kalyandurg,Nallamada,SY-10126,13.684294,76.959378,0.78,Polygon,Verified,540.4,3.62,WS_5361,Agricultural
AP_ANP_00127,Anantapur,Raptadu,Beluguppa,SY-10127,14.436031,78.118089,0.53,Polygon,Verified,398.5,10.31,WS_1145,Agricultural
AP_ANP_00128,Anantapur,Gooty,Bathalapalli,SY-10128,14.043625,78.43861,0.84,Polygon,Verified,445.8,1.93,WS_2828,Agricultural
AP_ANP_00129,Anantapur,Gooty,Kanekal,SY-10129,15.171729,78.391558,5.01,Polygon,Estimated,744.6,9.05,WS_6690,Agricultural
AP_ANP_00130,Anantapur,Rayadurg,Nallamada,SY-10130,14.940521,77.215025,6.73,Polygon,Verified,273.5,4.92,WS_1936,Agricultural
AP_ANP_00131,Anantapur,Anantapur,Putlur,SY-10131,14.847335,77.430225,0.93,Polygon,Estimated,691.9,11.17,WS_2913,Agricultural
AP_ANP_00132,Anantapur,Anantapur,Putlur,SY-10132,14.424397,77.684135,7.97,Polygon,Estimated,481.7,7.66,WS_1892,Agricultural
AP_ANP_00133,Anantapur,Raptadu,Bathalapalli,SY-10133,15.031874,78.348228,3.93,Polygon,Verified,386.5,5.98,WS_2218,Agricultural
AP_ANP_00134,Anantapur,Raptadu,Kakkalapalli,SY-10134,14.979404,78.257129,5.41,Polygon,Verified,293.5,5.2,WS_1974,Agricultural
AP_ANP_00135,Anantapur,Uravakonda,Bommanahal,SY-10135,14.713143,76.88781,4.49,Polygon,Estimated,304.7,10.79,WS_6068,Agricultural
AP_ANP_00136,Anantapur,Anantapur,Kakkalapalli,SY-10136,14.392234,77.665056,4.94,Polygon,Estimated,423.9,8.3,WS_4930,Agricultural
AP_ANP_00137,Anantapur,Anantapur,Kanekal,SY-10137,14.434016,78.362689,2.34,Polygon,Verified,330.2,4.34,WS_3604,Agricultural
AP_ANP_00138,Anantapur,Raptadu,Talupula,SY-10138,14.688225,77.9135,6.15,Polygon,Verified,690.4,10.53,WS_6150,Agricultural
AP_ANP_00139,Anantapur,Kalyandurg,Putlur,SY-10139,13.806192,77.403214,6.08,Polygon,Verified,659.0,10.07,WS_1294,Agricultural
AP_ANP_00140,Anantapur,Tadipatri,Atmakur,SY-10140,14.495751,77.008519,3.33,Polygon,Verified,659.3,1.98,WS_6352,Agricultural
AP_ANP_00141,Anantapur,Tadipatri,Talupula,SY-10141,13.764016,78.487011,5.66,Polygon,Verified,400.5,8.64,WS_9073,Agricultural
AP_ANP_00142,Anantapur,Uravakonda,Atmakur,SY-10142,13.692673,76.93445,6.89,Polygon,Estimated,588.0,5.63,WS_9954,Agricultural
AP_ANP_00143,Anantapur,Kadiri,Nallamada,SY-10143,14.813221,76.844256,0.67,Polygon,Verified,494.3,9.36,WS_4356,Agricultural
AP_ANP_00144,Anantapur,Dharmavaram,Atmakur,SY-10144,13.76351,78.337578,4.45,Polygon,Estimated,399.2,10.16,WS_4155,Agricultural
AP_ANP_00145,Anantapur,Uravakonda,Yellanur,SY-10145,15.121382,77.071904,3.74,Polygon,Estimated,459.9,7.84,WS_2682,Agricultural
AP_ANP_00146,Anantapur,Raptadu,Talupula,SY-10146,15.174364,77.536801,7.21,Polygon,Verified,356.6,0.86,WS_9984,Agricultural
AP_ANP_00147,Anantapur,Rayadurg,Kakkalapalli,SY-10147,14.982973,77.651778,7.76,Polygon,Verified,684.3,9.43,WS_9782,Agricultural
AP_ANP_00148,Anantapur,Tadipatri,Nallamada,SY-10148,13.628579,78.234236,2.71,Polygon,Estimated,733.8,2.63,WS_1526,Agricultural
AP_ANP_00149,Anantapur,Raptadu,Beluguppa,SY-10149,13.800297,78.034018,3.73,Polygon,Verified,495.8,1.24,WS_6109,Agricultural
AP_ANP_00150,Anantapur,Gooty,Talupula,SY-10150,14.544422,77.579844,7.88,Polygon,Verified,482.3,8.33,WS_2389,Agricultural
AP_ANP_00151,Anantapur,Uravakonda,Bathalapalli,SY-10151,14.976196,78.203732,0.8,Polygon,Verified,302.5,3.28,WS_4117,Agricultural
AP_ANP_00152,Anantapur,Uravakonda,Kanekal,SY-10152,13.936559,77.42283,6.32,Polygon,Estimated,286.2,6.64,WS_2949,Agricultural
AP_ANP_00153,Anantapur,Anantapur,Nallamada,SY-10153,14.172482,77.37977,7.83,Polygon,Verified,596.6,9.95,WS_1105,Agricultural
AP_ANP_00154,Anantapur,Kalyandurg,Atmakur,SY-10154,15.12248,77.023596,7.22,Polygon,Verified,558.3,7.55,WS_1552,Agricultural
AP_ANP_00155,Anantapur,Tadipatri,Bommanahal,SY-10155,15.115761,77.925548,6.38,Polygon,Verified,492.2,8.1,WS_1207,Agricultural
AP_ANP_00156,Anantapur,Dharmavaram,Kanekal,SY-10156,14.907676,77.614173,5.33,Polygon,Verified,615.8,1.44,WS_8179,Agricultural
AP_ANP_00157,Anantapur,Kalyandurg,Bathalapalli,SY-10157,14.994854,77.194585,7.82,Polygon,Verified,341.1,9.58,WS_5790,Agricultural
AP_ANP_00158,Anantapur,Kadiri,Kakkalapalli,SY-10158,13.633378,77.975873,2.99,Polygon,Verified,496.6,1.44,WS_9946,Agricultural
AP_ANP_00159,Anantapur,Kadiri,Kanekal,SY-10159,13.649044,77.263829,3.97,Polygon,Estimated,613.6,9.04,WS_9595,Agricultural
AP_ANP_00160,Anantapur,Gooty,Nallamada,SY-10160,14.77656,78.181903,4.29,Polygon,Verified,507.0,7.26,WS_6631,Agricultural
AP_ANP_00161,Anantapur,Dharmavaram,Kakkalapalli,SY-10161,14.556358,78.227321,5.41,Polygon,Estimated,391.9,4.63,WS_4714,Agricultural
AP_ANP_00162,Anantapur,Tadipatri,Bommanahal,SY-10162,14.937597,77.224426,6.32,Polygon,Verified,550.9,7.77,WS_1525,Agricultural
AP_ANP_00163,Anantapur,Tadipatri,Beluguppa,SY-10163,14.26085,76.924439,3.78,Polygon,Verified,452.5,7.32,WS_3278,Agricultural
AP_ANP_00164,Anantapur,Raptadu,Nallamada,SY-10164,14.548721,77.094343,3.43,Polygon,Estimated,379.1,8.05,WS_6543,Agricultural
AP_ANP_00165,Anantapur,Rayadurg,Nallamada,SY-10165,15.151714,77.616821,2.27,Polygon,Verified,334.9,6.48,WS_6897,Agricultural
AP_ANP_00166,Anantapur,Raptadu,Atmakur,SY-10166,14.319094,77.858192,7.61,Polygon,Verified,429.6,4.86,WS_4178,Agricultural
AP_ANP_00167,Anantapur,Gooty,Talupula,SY-10167,14.453619,78.207223,5.79,Polygon,Verified,682.1,6.92,WS_2274,Agricultural
AP_ANP_00168,Anantapur,Dharmavaram,Kakkalapalli,SY-10168,15.178709,77.021347,2.23,Polygon,Verified,570.0,3.08,WS_6178,Agricultural
AP_ANP_00169,Anantapur,Gooty,Atmakur,SY-10169,14.411576,76.874831,1.61,Polygon,Estimated,732.6,0.56,WS_8473,Agricultural
AP_ANP_00170,Anantapur,Raptadu,Beluguppa,SY-10170,14.327584,77.728073,4.17,Polygon,Verified,319.8,0.84,WS_2969,Agricultural
AP_ANP_00171,Anantapur,Bukkarayasamudram,Beluguppa,SY-10171,13.859811,77.139028,5.98,Polygon,Verified,367.3,11.58,WS_2198,Agricultural
AP_ANP_00172,Anantapur,Tadipatri,Atmakur,SY-10172,14.940984,78.500306,5.62,Polygon,Verified,558.9,10.49,WS_1986,Agricultural
AP_ANP_00173,Anantapur,Rayadurg,Bathalapalli,SY-10173,14.703243,78.017724,2.12,Polygon,Verified,446.9,7.99,WS_9125,Agricultural
AP_ANP_00174,Anantapur,Tadipatri,Kakkalapalli,SY-10174,14.567926,77.372601,7.0,Polygon,Estimated,626.2,1.54,WS_4230,Agricultural
AP_ANP_00175,Anantapur,Raptadu,Nallamada,SY-10175,14.640819,78.177344,7.44,Polygon,Verified,700.7,10.6,WS_2388,Agricultural
AP_ANP_00176,Anantapur,Anantapur,Bommanahal,SY-10176,14.074991,77.968334,2.96,Polygon,Verified,554.9,6.98,WS_3875,Agricultural
AP_ANP_00177,Anantapur,Raptadu,Atmakur,SY-10177,13.980071,77.471853,2.2,Polygon,Verified,551.7,8.18,WS_3989,Agricultural
AP_ANP_00178,Anantapur,Raptadu,Yellanur,SY-10178,14.467782,78.512661,6.85,Polygon,Estimated,656.9,1.75,WS_6252,Agricultural
AP_ANP_00179,Anantapur,Tadipatri,Talupula,SY-10179,13.993711,77.658052,3.46,Polygon,Verified,623.4,8.73,WS_7570,Agricultural
AP_ANP_00180,Anantapur,Gooty,Beluguppa,SY-10180,14.289379,78.414086,1.03,Polygon,Estimated,577.3,4.87,WS_1140,Agricultural
AP_ANP_00181,Anantapur,Uravakonda,Yellanur,SY-10181,13.762273,77.674569,2.43,Polygon,Verified,403.6,9.73,WS_8311,Agricultural
AP_ANP_00182,Anantapur,Bukkarayasamudram,Nallamada,SY-10182,14.748217,77.519829,7.83,Polygon,Estimated,511.2,1.92,WS_8052,Agricultural
AP_ANP_00183,Anantapur,Kalyandurg,Bommanahal,SY-10183,14.869452,77.133411,7.38,Polygon,Verified,293.5,9.88,WS_6291,Agricultural
AP_ANP_00184,Anantapur,Rayadurg,Putlur,SY-10184,13.779687,76.804651,5.28,Polygon,Verified,546.8,9.63,WS_1009,Agricultural
AP_ANP_00185,Anantapur,Rayadurg,Putlur,SY-10185,14.177236,78.430604,6.27,Polygon,Verified,377.8,3.97,WS_7807,Agricultural
AP_ANP_00186,Anantapur,Kadiri,Nallamada,SY-10186,14.277981,78.00159,1.22,Polygon,Verified,475.9,7.25,WS_1482,Agricultural
AP_ANP_00187,Anantapur,Tadipatri,Atmakur,SY-10187,13.946784,76.972286,0.68,Polygon,Verified,553.5,6.79,WS_9841,Agricultural
AP_ANP_00188,Anantapur,Raptadu,Bathalapalli,SY-10188,14.394827,78.578014,1.52,Polygon,Verified,452.2,5.42,WS_7602,Agricultural
AP_ANP_00189,Anantapur,Kalyandurg,Bommanahal,SY-10189,13.805431,76.987397,5.93,Polygon,Verified,387.1,1.41,WS_8843,Agricultural
AP_ANP_00190,Anantapur,Kadiri,Bathalapalli,SY-10190,14.117394,77.207982,3.16,Polygon,Verified,509.5,1.28,WS_3475,Agricultural
AP_ANP_00191,Anantapur,Gooty,Bommanahal,SY-10191,15.008127,77.971579,4.5,Polygon,Verified,416.5,8.2,WS_6291,Agricultural
AP_ANP_00192,Anantapur,Tadipatri,Kanekal,SY-10192,14.492453,78.115171,3.99,Polygon,Verified,531.1,11.51,WS_4374,Agricultural
AP_ANP_00193,Anantapur,Raptadu,Beluguppa,SY-10193,14.457324,76.974018,3.88,Polygon,Verified,423.8,8.15,WS_8123,Agricultural
AP_ANP_00194,Anantapur,Kadiri,Beluguppa,SY-10194,14.238905,77.074349,7.94,Polygon,Estimated,520.0,10.18,WS_1148,Agricultural
AP_ANP_00195,Anantapur,Dharmavaram,Kanekal,SY-10195,14.011276,78.218224,6.99,Polygon,Verified,503.4,2.33,WS_4725,Agricultural
AP_ANP_00196,Anantapur,Dharmavaram,Atmakur,SY-10196,13.963772,77.415014,3.36,Polygon,Verified,369.5,6.36,WS_6299,Agricultural
AP_ANP_00197,Anantapur,Kalyandurg,Putlur,SY-10197,14.560951,77.728223,7.4,Polygon,Verified,746.1,10.29,WS_5107,Agricultural
AP_ANP_00198,Anantapur,Anantapur,Putlur,SY-10198,14.463572,77.93031,5.56,Polygon,Verified,610.7,2.12,WS_8693,Agricultural
AP_ANP_00199,Anantapur,Raptadu,Talupula,SY-10199,13.63663,77.076824,2.18,Polygon,Estimated,536.5,11.23,WS_9984,Agricultural
AP_ANP_00200,Anantapur,Uravakonda,Atmakur,SY-10200,15.076412,77.676711,5.05,Polygon,Verified,337.4,6.28,WS_2960,Agricultural
AP_ANP_00201,Anantapur,Uravakonda,Bathalapalli,SY-10201,14.666091,77.019171,4.09,Polygon,Verified,366.3,1.42,WS_8179,Agricultural
AP_ANP_00202,Anantapur,Dharmavaram,Kakkalapalli,SY-10202,14.044404,78.332608,0.5,Polygon,Verified,551.3,4.7,WS_7430,Agricultural
AP_ANP_00203,Anantapur,Kadiri,Talupula,SY-10203,14.849219,77.627641,0.94,Polygon,Estimated,278.9,8.49,WS_9648,Agricultural
AP_ANP_00204,Anantapur,Kalyandurg,Yellanur,SY-10204,13.873064,76.934334,6.37,Polygon,Verified,338.9,8.45,WS_9800,Agricultural
AP_ANP_00205,Anantapur,Dharmavaram,Nallamada,SY-10205,15.194715,78.265146,5.11,Polygon,Verified,561.9,6.56,WS_4302,Agricultural
AP_ANP_00206,Anantapur,Tadipatri,Talupula,SY-10206,15.018567,77.609612,1.96,Polygon,Verified,457.1,10.02,WS_7140,Agricultural
AP_ANP_00207,Anantapur,Uravakonda,Talupula,SY-10207,13.61765,77.549077,4.11,Polygon,Verified,379.9,9.24,WS_8993,Agricultural
AP_ANP_00208,Anantapur,Rayadurg,Beluguppa,SY-10208,14.590317,77.382301,6.76,Polygon,Verified,349.4,1.24,WS_1671,Agricultural
AP_ANP_00209,Anantapur,Dharmavaram,Atmakur,SY-10209,13.775578,77.786327,3.91,Polygon,Estimated,299.0,6.11,WS_6827,Agricultural
AP_ANP_00210,Anantapur,Tadipatri,Nallamada,SY-10210,13.989565,77.973079,6.58,Polygon,Verified,679.8,5.01,WS_3672,Agricultural
AP_ANP_00211,Anantapur,Raptadu,Atmakur,SY-10211,14.653907,78.497096,6.57,Polygon,Verified,389.7,11.2,WS_9123,Agricultural
AP_ANP_00212,Anantapur,Rayadurg,Talupula,SY-10212,14.920212,77.691814,3.4,Polygon,Verified,363.5,10.73,WS_4926,Agricultural
AP_ANP_00213,Anantapur,Rayadurg,Yellanur,SY-10213,13.76911,78.578895,3.82,Polygon,Verified,269.0,9.08,WS_4456,Agricultural
AP_ANP_00214,Anantapur,Kadiri,Bommanahal,SY-10214,13.768588,76.864028,4.31,Polygon,Verified,481.0,11.9,WS_5531,Agricultural
AP_ANP_00215,Anantapur,Kadiri,Beluguppa,SY-10215,14.854148,77.438714,3.59,Polygon,Verified,665.3,1.29,WS_7511,Agricultural
AP_ANP_00216,Anantapur,Anantapur,Bommanahal,SY-10216,14.830757,77.924394,3.36,Polygon,Verified,310.7,7.57,WS_9569,Agricultural
AP_ANP_00217,Anantapur,Kalyandurg,Kakkalapalli,SY-10217,14.115545,77.02542,4.06,Polygon,Verified,493.0,11.08,WS_4983,Agricultural
AP_ANP_00218,Anantapur,Tadipatri,Putlur,SY-10218,14.141228,78.470551,2.18,Polygon,Verified,466.0,5.55,WS_8128,Agricultural
AP_ANP_00219,Anantapur,Tadipatri,Kanekal,SY-10219,14.038066,78.470972,5.57,Polygon,Verified,256.4,11.91,WS_6341,Agricultural
AP_ANP_00220,Anantapur,Kalyandurg,Beluguppa,SY-10220,14.954423,78.454068,2.39,Polygon,Verified,480.3,10.18,WS_8527,Agricultural
AP_ANP_00221,Anantapur,Kalyandurg,Beluguppa,SY-10221,14.649859,77.119372,4.59,Polygon,Estimated,718.7,1.0,WS_4537,Agricultural
AP_ANP_00222,Anantapur,Tadipatri,Talupula,SY-10222,14.761568,78.272014,2.1,Polygon,Verified,670.4,8.93,WS_4754,Agricultural
AP_ANP_00223,Anantapur,Gooty,Atmakur,SY-10223,14.413377,77.335587,4.74,Polygon,Verified,686.7,7.82,WS_8295,Agricultural
AP_ANP_00224,Anantapur,Gooty,Bommanahal,SY-10224,14.338492,76.816797,2.35,Polygon,Verified,745.9,1.64,WS_6343,Agricultural
AP_ANP_00225,Anantapur,Bukkarayasamudram,Kakkalapalli,SY-10225,13.926457,77.799153,6.0,Polygon,Verified,344.0,4.59,WS_6132,Agricultural
AP_ANP_00226,Anantapur,Raptadu,Nallamada,SY-10226,14.438655,78.326486,6.8,Polygon,Estimated,255.5,9.12,WS_8604,Agricultural
AP_ANP_00227,Anantapur,Raptadu,Nallamada,SY-10227,14.123091,77.067998,2.79,Polygon,Estimated,748.2,4.74,WS_6251,Agricultural
AP_ANP_00228,Anantapur,Dharmavaram,Putlur,SY-10228,15.017913,77.86748,3.44,Polygon,Verified,597.8,0.54,WS_6891,Agricultural
AP_ANP_00229,Anantapur,Raptadu,Nallamada,SY-10229,14.243723,78.373672,4.33,Polygon,Verified,302.1,3.09,WS_7643,Agricultural
AP_ANP_00230,Anantapur,Dharmavaram,Bommanahal,SY-10230,14.56558,78.017642,6.54,Polygon,Verified,662.5,6.23,WS_6997,Agricultural
AP_ANP_00231,Anantapur,Kadiri,Kanekal,SY-10231,14.712665,78.142665,7.86,Polygon,Verified,662.6,6.48,WS_6469,Agricultural
AP_ANP_00232,Anantapur,Kalyandurg,Atmakur,SY-10232,14.294431,76.959481,2.15,Polygon,Verified,617.8,11.98,WS_2019,Agricultural
AP_ANP_00233,Anantapur,Uravakonda,Atmakur,SY-10233,14.273997,77.945119,6.39,Polygon,Verified,455.0,10.16,WS_9266,Agricultural
AP_ANP_00234,Anantapur,Kalyandurg,Bathalapalli,SY-10234,15.1205,77.165285,4.74,Polygon,Estimated,332.6,8.55,WS_7397,Agricultural
AP_ANP_00235,Anantapur,Uravakonda,Kanekal,SY-10235,14.428926,77.337706,7.56,Polygon,Verified,464.8,10.54,WS_8999,Agricultural
AP_ANP_00236,Anantapur,Gooty,Nallamada,SY-10236,14.884229,77.624736,4.12,Polygon,Verified,290.3,8.87,WS_6105,Agricultural
AP_ANP_00237,Anantapur,Kadiri,Atmakur,SY-10237,14.848341,76.812653,0.93,Polygon,Verified,315.7,5.09,WS_2619,Agricultural
AP_ANP_00238,Anantapur,Rayadurg,Bathalapalli,SY-10238,15.130583,76.924124,0.93,Polygon,Verified,380.9,3.34,WS_4291,Agricultural
AP_ANP_00239,Anantapur,Rayadurg,Putlur,SY-10239,14.03512,78.166917,3.87,Polygon,Verified,282.7,6.11,WS_3643,Agricultural
AP_ANP_00240,Anantapur,Tadipatri,Putlur,SY-10240,14.499189,77.422657,2.86,Polygon,Verified,293.2,3.22,WS_1671,Agricultural
AP_ANP_00241,Anantapur,Rayadurg,Nallamada,SY-10241,13.804781,78.387844,3.45,Polygon,Estimated,643.9,7.68,WS_5260,Agricultural
AP_ANP_00242,Anantapur,Bukkarayasamudram,Talupula,SY-10242,14.010448,77.977514,1.99,Polygon,Verified,482.0,11.68,WS_7588,Agricultural
AP_ANP_00243,Anantapur,Raptadu,Atmakur,SY-10243,13.841995,77.20557,2.38,Polygon,Estimated,530.6,6.52,WS_1572,Agricultural
AP_ANP_00244,Anantapur,Tadipatri,Putlur,SY-10244,14.468073,78.22506,4.62,Polygon,Verified,363.1,10.24,WS_2537,Agricultural
AP_ANP_00245,Anantapur,Uravakonda,Bathalapalli,SY-10245,14.670436,77.632132,3.59,Polygon,Verified,522.7,1.22,WS_9103,Agricultural
AP_ANP_00246,Anantapur,Uravakonda,Putlur,SY-10246,15.164899,78.229181,4.23,Polygon,Verified,686.1,6.77,WS_6774,Agricultural
AP_ANP_00247,Anantapur,Rayadurg,Bommanahal,SY-10247,15.004528,78.383247,7.03,Polygon,Verified,475.6,11.83,WS_8193,Agricultural
AP_ANP_00248,Anantapur,Anantapur,Kakkalapalli,SY-10248,13.704327,77.635076,7.32,Polygon,Verified,498.9,1.71,WS_7744,Agricultural
AP_ANP_00249,Anantapur,Tadipatri,Yellanur,SY-10249,14.305715,77.152097,1.9,Polygon,Verified,428.3,9.21,WS_9676,Agricultural
AP_ANP_00250,Anantapur,Gooty,Bommanahal,SY-10250,14.876663,77.512747,7.36,Polygon,Verified,329.0,8.5,WS_3822,Agricultural
AP_ANP_00251,Anantapur,Kadiri,Yellanur,SY-10251,15.035498,77.103938,4.3,Polygon,Verified,266.7,4.68,WS_1687,Agricultural
AP_ANP_00252,Anantapur,Gooty,Nallamada,SY-10252,14.877749,78.541961,6.93,Polygon,Verified,619.9,4.18,WS_6248,Agricultural
AP_ANP_00253,Anantapur,Kalyandurg,Talupula,SY-10253,14.668672,77.942408,1.74,Polygon,Estimated,463.7,2.37,WS_9004,Agricultural
AP_ANP_00254,Anantapur,Raptadu,Yellanur,SY-10254,14.443839,78.094837,7.18,Polygon,Verified,615.7,2.66,WS_1264,Agricultural
AP_ANP_00255,Anantapur,Dharmavaram,Kanekal,SY-10255,14.46527,78.078437,2.86,Polygon,Verified,660.8,5.78,WS_1587,Agricultural
AP_ANP_00256,Anantapur,Bukkarayasamudram,Talupula,SY-10256,13.780709,76.956923,5.89,Polygon,Verified,702.7,9.01,WS_6433,Agricultural
AP_ANP_00257,Anantapur,Raptadu,Beluguppa,SY-10257,14.593486,77.434275,6.81,Polygon,Verified,739.6,7.79,WS_9915,Agricultural
AP_ANP_00258,Anantapur,Tadipatri,Kakkalapalli,SY-10258,14.103871,76.806871,5.61,Polygon,Verified,577.6,11.91,WS_4830,Agricultural
AP_ANP_00259,Anantapur,Kalyandurg,Yellanur,SY-10259,14.710641,77.722779,2.79,Polygon,Verified,266.6,4.0,WS_9179,Agricultural
AP_ANP_00260,Anantapur,Dharmavaram,Atmakur,SY-10260,14.825704,78.219205,5.49,Polygon,Verified,703.6,8.21,WS_3454,Agricultural
AP_ANP_00261,Anantapur,Tadipatri,Bommanahal,SY-10261,14.207205,77.208115,3.36,Polygon,Verified,456.4,9.73,WS_6626,Agricultural
AP_ANP_00262,Anantapur,Dharmavaram,Atmakur,SY-10262,13.667239,78.131827,7.39,Polygon,Verified,679.2,3.86,WS_3946,Agricultural
AP_ANP_00263,Anantapur,Bukkarayasamudram,Yellanur,SY-10263,14.887851,76.832412,7.72,Polygon,Verified,402.4,10.04,WS_2531,Agricultural
AP_ANP_00264,Anantapur,Kadiri,Nallamada,SY-10264,13.780129,78.066635,4.56,Polygon,Verified,370.9,0.64,WS_2762,Agricultural
AP_ANP_00265,Anantapur,Raptadu,Bathalapalli,SY-10265,13.677029,78.425211,6.89,Polygon,Verified,546.6,10.76,WS_4198,Agricultural
AP_ANP_00266,Anantapur,Kalyandurg,Atmakur,SY-10266,14.056465,77.572529,2.51,Polygon,Verified,536.7,8.08,WS_8851,Agricultural
AP_ANP_00267,Anantapur,Anantapur,Talupula,SY-10267,13.750172,78.437328,5.52,Polygon,Estimated,689.5,7.08,WS_8468,Agricultural
AP_ANP_00268,Anantapur,Kalyandurg,Bommanahal,SY-10268,14.107115,77.582273,6.3,Polygon,Verified,696.3,5.6,WS_8986,Agricultural
AP_ANP_00269,Anantapur,Uravakonda,Nallamada,SY-10269,14.862084,77.95129,5.57,Polygon,Verified,367.1,9.55,WS_9770,Agricultural
AP_ANP_00270,Anantapur,Uravakonda,Kakkalapalli,SY-10270,14.03451,77.651215,7.88,Polygon,Verified,453.5,10.75,WS_7716,Agricultural
AP_ANP_00271,Anantapur,Uravakonda,Putlur,SY-10271,15.051808,77.229942,4.02,Polygon,Verified,486.5,7.66,WS_9333,Agricultural
AP_ANP_00272,Anantapur,Kadiri,Nallamada,SY-10272,13.931188,77.729831,0.54,Polygon,Verified,359.5,0.92,WS_5987,Agricultural
AP_ANP_00273,Anantapur,Anantapur,Putlur,SY-10273,14.340563,77.589369,2.14,Polygon,Verified,272.2,3.69,WS_6463,Agricultural
AP_ANP_00274,Anantapur,Gooty,Atmakur,SY-10274,14.587306,77.004909,3.09,Polygon,Verified,687.1,6.18,WS_2517,Agricultural
AP_ANP_00275,Anantapur,Kadiri,Atmakur,SY-10275,14.223796,78.113749,7.12,Polygon,Verified,379.1,8.26,WS_7048,Agricultural
AP_ANP_00276,Anantapur,Bukkarayasamudram,Beluguppa,SY-10276,15.126453,78.098508,6.97,Polygon,Verified,608.8,10.04,WS_4760,Agricultural
AP_ANP_00277,Anantapur,Dharmavaram,Kakkalapalli,SY-10277,14.010711,77.997526,6.5,Polygon,Verified,296.1,7.36,WS_1935,Agricultural
AP_ANP_00278,Anantapur,Dharmavaram,Atmakur,SY-10278,13.713612,76.944324,3.16,Polygon,Estimated,584.3,8.3,WS_3497,Agricultural
AP_ANP_00279,Anantapur,Kadiri,Putlur,SY-10279,14.403446,77.049968,1.37,Polygon,Verified,335.9,7.84,WS_2628,Agricultural
AP_ANP_00280,Anantapur,Uravakonda,Yellanur,SY-10280,14.454348,77.055847,0.59,Polygon,Verified,397.5,6.09,WS_8980,Agricultural
AP_ANP_00281,Anantapur,Bukkarayasamudram,Talupula,SY-10281,13.796805,77.805556,3.07,Polygon,Verified,576.1,10.22,WS_2130,Agricultural
AP_ANP_00282,Anantapur,Tadipatri,Nallamada,SY-10282,14.676747,77.295686,2.8,Polygon,Verified,473.2,9.68,WS_2474,Agricultural
AP_ANP_00283,Anantapur,Kadiri,Bathalapalli,SY-10283,14.289576,77.37396,4.87,Polygon,Verified,550.5,8.61,WS_5000,Agricultural
AP_ANP_00284,Anantapur,Rayadurg,Beluguppa,SY-10284,14.41869,77.098131,5.34,Polygon,Verified,631.0,11.39,WS_6906,Agricultural
AP_ANP_00285,Anantapur,Bukkarayasamudram,Kakkalapalli,SY-10285,14.619044,77.413087,1.04,Polygon,Verified,405.6,8.29,WS_7468,Agricultural
AP_ANP_00286,Anantapur,Rayadurg,Kakkalapalli,SY-10286,14.946757,77.844399,4.7,Polygon,Verified,333.7,11.68,WS_8069,Agricultural
AP_ANP_00287,Anantapur,Rayadurg,Bommanahal,SY-10287,14.408728,78.535231,3.38,Polygon,Verified,265.5,4.96,WS_3309,Agricultural
AP_ANP_00288,Anantapur,Gooty,Putlur,SY-10288,15.040133,77.00905,7.67,Polygon,Verified,694.2,7.43,WS_7139,Agricultural
AP_ANP_00289,Anantapur,Raptadu,Atmakur,SY-10289,13.741123,77.892379,1.64,Polygon,Verified,735.4,9.4,WS_4236,Agricultural
AP_ANP_00290,Anantapur,Raptadu,Atmakur,SY-10290,14.451612,77.103007,2.35,Polygon,Estimated,428.1,10.01,WS_8730,Agricultural
AP_ANP_00291,Anantapur,Bukkarayasamudram,Atmakur,SY-10291,14.411914,78.019297,2.26,Polygon,Estimated,522.4,2.4,WS_7626,Agricultural
AP_ANP_00292,Anantapur,Tadipatri,Nallamada,SY-10292,14.242846,78.588927,7.1,Polygon,Verified,534.7,7.64,WS_3567,Agricultural
AP_ANP_00293,Anantapur,Gooty,Atmakur,SY-10293,14.737416,78.432497,1.49,Polygon,Verified,549.6,4.56,WS_4630,Agricultural
AP_ANP_00294,Anantapur,Uravakonda,Talupula,SY-10294,14.793376,77.78878,0.93,Polygon,Verified,483.4,0.9,WS_1882,Agricultural
AP_ANP_00295,Anantapur,Kadiri,Putlur,SY-10295,15.16958,77.670133,6.98,Polygon,Verified,437.7,3.79,WS_9125,Agricultural
AP_ANP_00296,Anantapur,Rayadurg,Beluguppa,SY-10296,14.218465,77.720296,4.19,Polygon,Verified,682.8,11.78,WS_5699,Agricultural
AP_ANP_00297,Anantapur,Kadiri,Nallamada,SY-10297,14.890543,77.65767,7.97,Polygon,Verified,251.6,7.86,WS_4935,Agricultural
AP_ANP_00298,Anantapur,Rayadurg,Yellanur,SY-10298,14.099039,77.260886,0.73,Polygon,Estimated,360.4,8.94,WS_2137,Agricultural
AP_ANP_00299,Anantapur,Uravakonda,Kanekal,SY-10299,14.756331,78.046558,1.51,Polygon,Verified,429.4,9.75,WS_4735,Agricultural
AP_ANP_00300,Anantapur,Kadiri,Bommanahal,SY-10300,14.445725,78.228109,7.93,Polygon,Verified,747.3,1.53,WS_9733,Agricultural
AP_ANP_00301,Anantapur,Kalyandurg,Yellanur,SY-10301,14.780591,78.30146,6.05,Polygon,Verified,626.7,9.34,WS_8295,Agricultural
AP_ANP_00302,Anantapur,Raptadu,Atmakur,SY-10302,14.953474,77.904487,1.16,Polygon,Verified,288.8,5.19,WS_9605,Agricultural
AP_ANP_00303,Anantapur,Uravakonda,Yellanur,SY-10303,14.478609,77.937762,4.83,Polygon,Verified,253.0,1.66,WS_9549,Agricultural
AP_ANP_00304,Anantapur,Tadipatri,Bommanahal,SY-10304,13.780691,78.315734,2.32,Polygon,Verified,322.6,8.67,WS_3555,Agricultural
AP_ANP_00305,Anantapur,Tadipatri,Beluguppa,SY-10305,14.24209,77.326527,1.64,Polygon,Verified,261.0,7.21,WS_3368,Agricultural
AP_ANP_00306,Anantapur,Anantapur,Bathalapalli,SY-10306,13.950838,76.860605,2.11,Polygon,Verified,629.8,2.66,WS_1182,Agricultural
AP_ANP_00307,Anantapur,Kalyandurg,Putlur,SY-10307,14.537384,77.924611,1.04,Polygon,Verified,371.0,8.71,WS_9244,Agricultural
AP_ANP_00308,Anantapur,Rayadurg,Kanekal,SY-10308,14.501262,77.015917,7.38,Polygon,Verified,450.7,2.32,WS_5945,Agricultural
AP_ANP_00309,Anantapur,Rayadurg,Kakkalapalli,SY-10309,14.754754,77.288785,3.52,Polygon,Verified,344.5,9.5,WS_2809,Agricultural
AP_ANP_00310,Anantapur,Uravakonda,Kanekal,SY-10310,15.033163,77.84988,4.0,Polygon,Verified,720.2,1.45,WS_9859,Agricultural
AP_ANP_00311,Anantapur,Raptadu,Atmakur,SY-10311,13.807888,77.816972,7.0,Polygon,Verified,703.6,11.34,WS_3224,Agricultural
AP_ANP_00312,Anantapur,Uravakonda,Bommanahal,SY-10312,15.142525,76.960721,5.65,Polygon,Verified,443.8,7.78,WS_8094,Agricultural
AP_ANP_00313,Anantapur,Bukkarayasamudram,Beluguppa,SY-10313,14.00677,78.37592,1.87,Polygon,Verified,314.8,8.28,WS_5888,Agricultural
AP_ANP_00314,Anantapur,Raptadu,Talupula,SY-10314,14.360651,77.941812,8.0,Polygon,Verified,499.3,4.93,WS_6672,Agricultural
AP_ANP_00315,Anantapur,Kadiri,Kakkalapalli,SY-10315,14.615079,78.187405,0.52,Polygon,Estimated,343.0,6.85,WS_5424,Agricultural
AP_ANP_00316,Anantapur,Uravakonda,Kanekal,SY-10316,15.008251,77.188333,5.58,Polygon,Verified,397.7,2.07,WS_8430,Agricultural
AP_ANP_00317,Anantapur,Dharmavaram,Kakkalapalli,SY-10317,14.779354,78.554265,0.89,Polygon,Verified,484.1,7.16,WS_1234,Agricultural
AP_ANP_00318,Anantapur,Kadiri,Bathalapalli,SY-10318,14.917295,78.207628,4.58,Polygon,Verified,594.0,3.28,WS_4173,Agricultural
AP_ANP_00319,Anantapur,Rayadurg,Kakkalapalli,SY-10319,13.630924,77.023863,3.6,Polygon,Verified,452.1,6.61,WS_4253,Agricultural
AP_ANP_00320,Anantapur,Dharmavaram,Bommanahal,SY-10320,14.75977,78.379765,0.81,Polygon,Verified,631.2,5.73,WS_3745,Agricultural
AP_ANP_00321,Anantapur,Uravakonda,Talupula,SY-10321,13.722216,77.488645,3.26,Polygon,Verified,467.8,4.32,WS_9224,Agricultural
AP_ANP_00322,Anantapur,Kalyandurg,Putlur,SY-10322,13.957221,77.955348,4.78,Polygon,Verified,581.5,6.81,WS_8395,Agricultural
AP_ANP_00323,Anantapur,Kadiri,Bathalapalli,SY-10323,14.475141,78.293574,5.05,Polygon,Verified,353.5,2.25,WS_9386,Agricultural
AP_ANP_00324,Anantapur,Raptadu,Kakkalapalli,SY-10324,14.565267,77.652122,0.95,Polygon,Verified,541.1,11.89,WS_1630,Agricultural
AP_ANP_00325,Anantapur,Gooty,Bommanahal,SY-10325,15.186125,77.780068,7.72,Polygon,Verified,432.8,3.09,WS_8659,Agricultural
AP_ANP_00326,Anantapur,Kalyandurg,Putlur,SY-10326,15.03372,78.32495,2.86,Polygon,Verified,740.8,6.56,WS_6102,Agricultural
AP_ANP_00327,Anantapur,Anantapur,Atmakur,SY-10327,15.115832,77.407212,5.94,Polygon,Verified,280.3,8.43,WS_8763,Agricultural
AP_ANP_00328,Anantapur,Dharmavaram,Bathalapalli,SY-10328,14.316277,77.041695,7.68,Polygon,Verified,370.9,6.26,WS_7420,Agricultural
AP_ANP_00329,Anantapur,Gooty,Kanekal,SY-10329,14.039526,78.252538,3.95,Polygon,Verified,466.4,1.0,WS_6085,Agricultural
AP_ANP_00330,Anantapur,Uravakonda,Bommanahal,SY-10330,13.934697,76.889962,6.83,Polygon,Estimated,646.6,10.32,WS_3743,Agricultural
AP_ANP_00331,Anantapur,Bukkarayasamudram,Bathalapalli,SY-10331,13.950588,77.626134,7.4,Polygon,Verified,357.0,0.65,WS_1619,Agricultural
AP_ANP_00332,Anantapur,Kadiri,Kakkalapalli,SY-10332,14.717298,77.511371,7.65,Polygon,Estimated,446.4,10.32,WS_4423,Agricultural
AP_ANP_00333,Anantapur,Dharmavaram,Atmakur,SY-10333,14.333175,78.206428,7.7,Polygon,Verified,677.6,7.44,WS_3468,Agricultural
AP_ANP_00334,Anantapur,Bukkarayasamudram,Nallamada,SY-10334,14.171247,78.467149,2.22,Polygon,Verified,361.0,4.2,WS_3369,Agricultural
AP_ANP_00335,Anantapur,Kalyandurg,Bommanahal,SY-10335,14.893241,77.256878,2.34,Polygon,Verified,697.3,0.51,WS_3787,Agricultural
AP_ANP_00336,Anantapur,Raptadu,Kanekal,SY-10336,14.236539,78.455156,7.95,Polygon,Verified,630.5,4.77,WS_3451,Agricultural
AP_ANP_00337,Anantapur,Gooty,Yellanur,SY-10337,13.692325,77.599858,2.57,Polygon,Verified,746.2,4.94,WS_1692,Agricultural
AP_ANP_00338,Anantapur,Tadipatri,Nallamada,SY-10338,14.955635,78.424026,7.08,Polygon,Estimated,263.8,10.16,WS_5200,Agricultural
AP_ANP_00339,Anantapur,Gooty,Putlur,SY-10339,15.130112,77.06672,5.6,Polygon,Verified,465.7,8.77,WS_3871,Agricultural
AP_ANP_00340,Anantapur,Kadiri,Talupula,SY-10340,14.426717,78.165797,2.62,Polygon,Verified,697.0,11.38,WS_8812,Agricultural
AP_ANP_00341,Anantapur,Gooty,Nallamada,SY-10341,14.917057,78.399997,4.58,Polygon,Verified,377.7,3.9,WS_1614,Agricultural
AP_ANP_00342,Anantapur,Raptadu,Nallamada,SY-10342,14.072387,78.383094,3.95,Polygon,Verified,663.4,1.05,WS_4607,Agricultural
AP_ANP_00343,Anantapur,Rayadurg,Putlur,SY-10343,14.919661,77.728187,3.97,Polygon,Verified,395.0,11.21,WS_5958,Agricultural
AP_ANP_00344,Anantapur,Gooty,Bathalapalli,SY-10344,13.600019,77.549818,4.42,Polygon,Verified,736.5,3.1,WS_4156,Agricultural
AP_ANP_00345,Anantapur,Dharmavaram,Yellanur,SY-10345,15.012375,76.893422,1.93,Polygon,Verified,615.9,7.87,WS_4240,Agricultural
AP_ANP_00346,Anantapur,Gooty,Beluguppa,SY-10346,14.57541,78.412873,6.64,Polygon,Verified,385.7,1.94,WS_5591,Agricultural
AP_ANP_00347,Anantapur,Uravakonda,Nallamada,SY-10347,15.175773,78.157647,3.45,Polygon,Verified,580.5,1.4,WS_4273,Agricultural
AP_ANP_00348,Anantapur,Tadipatri,Bathalapalli,SY-10348,14.030155,77.931181,4.11,Polygon,Verified,724.6,7.77,WS_6754,Agricultural
AP_ANP_00349,Anantapur,Gooty,Talupula,SY-10349,13.764026,77.724938,4.32,Polygon,Verified,716.5,10.02,WS_5199,Agricultural
AP_ANP_00350,Anantapur,Kalyandurg,Kanekal,SY-10350,15.073591,78.050272,5.97,Polygon,Estimated,387.0,9.78,WS_3524,Agricultural
AP_ANP_00351,Anantapur,Raptadu,Kanekal,SY-10351,14.136977,78.561346,6.92,Polygon,Verified,613.5,6.96,WS_3230,Agricultural
AP_ANP_00352,Anantapur,Anantapur,Atmakur,SY-10352,14.208828,77.093464,6.4,Polygon,Verified,442.2,0.79,WS_2907,Agricultural
AP_ANP_00353,Anantapur,Kadiri,Bommanahal,SY-10353,14.876076,77.908641,6.82,Polygon,Verified,529.5,6.26,WS_5997,Agricultural
AP_ANP_00354,Anantapur,Raptadu,Atmakur,SY-10354,15.147256,76.893004,4.29,Polygon,Verified,681.3,2.56,WS_2855,Agricultural
AP_ANP_00355,Anantapur,Kadiri,Yellanur,SY-10355,14.234486,77.037087,6.99,Polygon,Verified,404.9,3.84,WS_4093,Agricultural
AP_ANP_00356,Anantapur,Kadiri,Bathalapalli,SY-10356,14.87469,77.250842,5.19,Polygon,Verified,666.4,10.92,WS_5595,Agricultural
AP_ANP_00357,Anantapur,Rayadurg,Atmakur,SY-10357,14.478174,77.317739,2.8,Polygon,Verified,560.6,4.34,WS_7043,Agricultural
AP_ANP_00358,Anantapur,Gooty,Kanekal,SY-10358,13.99541,77.440539,1.13,Polygon,Verified,588.8,1.33,WS_3606,Agricultural
AP_ANP_00359,Anantapur,Kalyandurg,Nallamada,SY-10359,15.171279,78.212751,6.0,Polygon,Verified,640.5,9.53,WS_8644,Agricultural
AP_ANP_00360,Anantapur,Rayadurg,Nallamada,SY-10360,14.044564,77.297374,3.74,Polygon,Estimated,283.8,6.47,WS_7160,Agricultural
AP_ANP_00361,Anantapur,Tadipatri,Kanekal,SY-10361,14.476456,78.562124,4.67,Polygon,Verified,541.1,2.85,WS_6808,Agricultural
AP_ANP_00362,Anantapur,Kalyandurg,Yellanur,SY-10362,13.928533,77.669471,2.51,Polygon,Verified,578.4,11.64,WS_2518,Agricultural
AP_ANP_00363,Anantapur,Uravakonda,Nallamada,SY-10363,14.075665,76.965721,4.99,Polygon,Verified,574.3,3.58,WS_3849,Agricultural
AP_ANP_00364,Anantapur,Uravakonda,Yellanur,SY-10364,14.197216,77.814588,3.88,Polygon,Verified,541.8,6.55,WS_6178,Agricultural
AP_ANP_00365,Anantapur,Tadipatri,Nallamada,SY-10365,15.114774,76.99063,1.66,Polygon,Estimated,618.3,10.65,WS_2271,Agricultural
AP_ANP_00366,Anantapur,Uravakonda,Nallamada,SY-10366,14.721823,78.024201,3.56,Polygon,Verified,541.5,3.41,WS_8331,Agricultural
AP_ANP_00367,Anantapur,Kadiri,Atmakur,SY-10367,13.952774,78.106307,5.13,Polygon,Verified,357.3,8.15,WS_5937,Agricultural
AP_ANP_00368,Anantapur,Tadipatri,Kanekal,SY-10368,14.123271,78.402103,1.13,Polygon,Estimated,680.7,9.9,WS_3426,Agricultural
AP_ANP_00369,Anantapur,Raptadu,Putlur,SY-10369,15.19402,77.21251,4.6,Polygon,Verified,600.4,2.85,WS_9560,Agricultural
AP_ANP_00370,Anantapur,Gooty,Beluguppa,SY-10370,13.68003,78.440738,0.72,Polygon,Verified,257.9,1.39,WS_5897,Agricultural
AP_ANP_00371,Anantapur,Rayadurg,Kakkalapalli,SY-10371,14.772374,77.892117,5.55,Polygon,Verified,725.7,10.14,WS_5370,Agricultural
AP_ANP_00372,Anantapur,Dharmavaram,Bommanahal,SY-10372,13.920451,77.91021,6.07,Polygon,Verified,510.7,1.29,WS_1489,Agricultural
AP_ANP_00373,Anantapur,Anantapur,Bathalapalli,SY-10373,13.929948,78.239494,3.0,Polygon,Estimated,707.6,10.39,WS_2873,Agricultural
AP_ANP_00374,Anantapur,Rayadurg,Talupula,SY-10374,14.258143,78.372701,5.28,Polygon,Estimated,499.7,6.65,WS_6738,Agricultural
AP_ANP_00375,Anantapur,Gooty,Kakkalapalli,SY-10375,14.919589,77.32629,3.83,Polygon,Verified,400.5,6.28,WS_4644,Agricultural
AP_ANP_00376,Anantapur,Uravakonda,Bommanahal,SY-10376,15.083377,76.989708,6.23,Polygon,Verified,577.6,3.49,WS_6103,Agricultural
AP_ANP_00377,Anantapur,Gooty,Atmakur,SY-10377,13.897035,77.995595,7.11,Polygon,Estimated,592.6,1.77,WS_1195,Agricultural
AP_ANP_00378,Anantapur,Rayadurg,Putlur,SY-10378,14.456886,77.442395,3.15,Polygon,Estimated,644.6,4.04,WS_3591,Agricultural
AP_ANP_00379,Anantapur,Kalyandurg,Talupula,SY-10379,14.122788,77.437965,4.29,Polygon,Estimated,688.2,1.68,WS_1136,Agricultural
AP_ANP_00380,Anantapur,Uravakonda,Yellanur,SY-10380,14.926194,77.428002,4.41,Polygon,Verified,692.2,4.46,WS_9143,Agricultural
AP_ANP_00381,Anantapur,Kadiri,Bathalapalli,SY-10381,13.621202,77.332697,3.94,Polygon,Verified,611.0,4.93,WS_2647,Agricultural
AP_ANP_00382,Anantapur,Kalyandurg,Atmakur,SY-10382,14.785002,78.35335,4.49,Polygon,Verified,398.4,6.73,WS_9912,Agricultural
AP_ANP_00383,Anantapur,Bukkarayasamudram,Yellanur,SY-10383,13.986459,77.437688,1.29,Polygon,Verified,509.6,7.49,WS_3294,Agricultural
AP_ANP_00384,Anantapur,Uravakonda,Yellanur,SY-10384,14.137078,78.148903,4.79,Polygon,Estimated,457.4,9.17,WS_4552,Agricultural
AP_ANP_00385,Anantapur,Kadiri,Yellanur,SY-10385,14.714288,78.063863,1.79,Polygon,Verified,456.0,10.51,WS_5188,Agricultural
AP_ANP_00386,Anantapur,Anantapur,Talupula,SY-10386,13.787526,77.406972,1.57,Polygon,Verified,353.1,5.01,WS_6126,Agricultural
AP_ANP_00387,Anantapur,Bukkarayasamudram,Atmakur,SY-10387,15.122307,78.197681,5.09,Polygon,Estimated,586.6,5.19,WS_4700,Agricultural
AP_ANP_00388,Anantapur,Bukkarayasamudram,Bathalapalli,SY-10388,14.770106,78.055096,6.14,Polygon,Verified,687.1,2.84,WS_7773,Agricultural
AP_ANP_00389,Anantapur,Raptadu,Beluguppa,SY-10389,14.322071,77.130196,6.91,Polygon,Estimated,483.2,1.37,WS_5637,Agricultural
AP_ANP_00390,Anantapur,Raptadu,Bommanahal,SY-10390,13.624813,77.305588,2.06,Polygon,Verified,489.6,2.59,WS_6991,Agricultural
AP_ANP_00391,Anantapur,Dharmavaram,Nallamada,SY-10391,14.637309,76.93339,3.32,Polygon,Estimated,466.7,11.97,WS_1634,Agricultural
AP_ANP_00392,Anantapur,Bukkarayasamudram,Yellanur,SY-10392,13.952178,77.430937,3.29,Polygon,Verified,434.8,5.84,WS_7003,Agricultural
AP_ANP_00393,Anantapur,Bukkarayasamudram,Kakkalapalli,SY-10393,14.658695,77.671181,0.54,Polygon,Estimated,636.4,6.81,WS_6255,Agricultural
AP_ANP_00394,Anantapur,Raptadu,Putlur,SY-10394,14.476852,77.737932,3.13,Polygon,Verified,629.3,0.67,WS_6330,Agricultural
AP_ANP_00395,Anantapur,Kalyandurg,Bathalapalli,SY-10395,14.15514,77.503359,1.69,Polygon,Verified,552.7,5.48,WS_9995,Agricultural
AP_ANP_00396,Anantapur,Bukkarayasamudram,Talupula,SY-10396,14.466634,78.164881,2.8,Polygon,Verified,606.4,4.94,WS_1615,Agricultural
AP_ANP_00397,Anantapur,Raptadu,Bommanahal,SY-10397,14.559634,78.350725,7.01,Polygon,Verified,622.9,6.92,WS_4801,Agricultural
AP_ANP_00398,Anantapur,Tadipatri,Kakkalapalli,SY-10398,14.212478,78.279296,5.45,Polygon,Verified,386.0,8.46,WS_5334,Agricultural
AP_ANP_00399,Anantapur,Kadiri,Kanekal,SY-10399,14.797173,77.205075,4.47,Polygon,Estimated,481.6,3.7,WS_1922,Agricultural
AP_ANP_00400,Anantapur,Dharmavaram,Beluguppa,SY-10400,14.023416,77.991544,6.61,Polygon,Verified,630.4,2.66,WS_4940,Agricultural
AP_ANP_00401,Anantapur,Dharmavaram,Atmakur,SY-10401,14.291754,76.856068,2.45,Polygon,Verified,689.6,3.3,WS_3875,Agricultural
AP_ANP_00402,Anantapur,Rayadurg,Kakkalapalli,SY-10402,14.854036,77.572173,2.01,Polygon,Verified,618.1,5.52,WS_5172,Agricultural
AP_ANP_00403,Anantapur,Uravakonda,Kakkalapalli,SY-10403,14.951794,77.248216,4.83,Polygon,Verified,297.5,11.99,WS_9490,Agricultural
AP_ANP_00404,Anantapur,Bukkarayasamudram,Yellanur,SY-10404,15.196205,77.234694,0.8,Polygon,Verified,315.0,0.76,WS_3964,Agricultural
AP_ANP_00405,Anantapur,Kadiri,Kanekal,SY-10405,14.505889,77.363,5.41,Polygon,Verified,257.2,9.29,WS_9305,Agricultural
AP_ANP_00406,Anantapur,Anantapur,Nallamada,SY-10406,13.662301,78.306815,5.15,Polygon,Verified,562.3,10.44,WS_1067,Agricultural
AP_ANP_00407,Anantapur,Kadiri,Kakkalapalli,SY-10407,14.731835,77.500615,2.22,Polygon,Verified,714.1,11.19,WS_7838,Agricultural
AP_ANP_00408,Anantapur,Gooty,Talupula,SY-10408,15.19301,78.566012,5.37,Polygon,Estimated,607.6,7.32,WS_5383,Agricultural
AP_ANP_00409,Anantapur,Tadipatri,Beluguppa,SY-10409,14.981826,76.998114,7.44,Polygon,Verified,277.2,7.91,WS_3904,Agricultural
AP_ANP_00410,Anantapur,Raptadu,Kanekal,SY-10410,14.040461,77.081172,5.27,Polygon,Verified,339.7,8.61,WS_8086,Agricultural
AP_ANP_00411,Anantapur,Anantapur,Kakkalapalli,SY-10411,13.630632,78.202385,5.07,Polygon,Verified,669.1,9.73,WS_8389,Agricultural
AP_ANP_00412,Anantapur,Uravakonda,Yellanur,SY-10412,14.622451,78.516363,7.11,Polygon,Verified,666.9,7.89,WS_8605,Agricultural
AP_ANP_00413,Anantapur,Bukkarayasamudram,Bommanahal,SY-10413,13.751854,77.869349,5.77,Polygon,Verified,365.4,11.03,WS_3387,Agricultural
AP_ANP_00414,Anantapur,Dharmavaram,Beluguppa,SY-10414,15.012664,77.986282,2.08,Polygon,Estimated,693.0,2.76,WS_8382,Agricultural
AP_ANP_00415,Anantapur,Rayadurg,Bathalapalli,SY-10415,15.195581,76.854047,7.23,Polygon,Verified,736.7,5.85,WS_4805,Agricultural
AP_ANP_00416,Anantapur,Dharmavaram,Beluguppa,SY-10416,14.29663,77.512731,5.52,Polygon,Estimated,403.0,6.85,WS_7065,Agricultural
AP_ANP_00417,Anantapur,Kalyandurg,Putlur,SY-10417,13.966985,77.644393,2.51,Polygon,Verified,333.7,2.19,WS_4970,Agricultural
AP_ANP_00418,Anantapur,Gooty,Bathalapalli,SY-10418,15.148418,77.591533,2.59,Polygon,Verified,413.1,3.94,WS_1861,Agricultural
AP_ANP_00419,Anantapur,Rayadurg,Putlur,SY-10419,14.010341,77.439576,5.55,Polygon,Verified,355.3,9.8,WS_6457,Agricultural
AP_ANP_00420,Anantapur,Uravakonda,Bommanahal,SY-10420,13.84788,76.948926,4.13,Polygon,Verified,531.7,9.74,WS_2289,Agricultural
AP_ANP_00421,Anantapur,Rayadurg,Bommanahal,SY-10421,14.598398,77.292553,4.16,Polygon,Verified,479.8,4.02,WS_5920,Agricultural
AP_ANP_00422,Anantapur,Kalyandurg,Putlur,SY-10422,14.05107,77.454857,1.93,Polygon,Verified,523.6,11.91,WS_9080,Agricultural
AP_ANP_00423,Anantapur,Bukkarayasamudram,Beluguppa,SY-10423,14.944173,78.581012,7.17,Polygon,Verified,347.6,6.13,WS_1446,Agricultural
AP_ANP_00424,Anantapur,Uravakonda,Yellanur,SY-10424,14.652932,77.010621,6.5,Polygon,Verified,599.3,5.29,WS_3535,Agricultural
AP_ANP_00425,Anantapur,Anantapur,Atmakur,SY-10425,13.880787,77.821909,4.84,Polygon,Verified,572.4,3.14,WS_2574,Agricultural
AP_ANP_00426,Anantapur,Rayadurg,Bathalapalli,SY-10426,14.786564,77.302949,1.49,Polygon,Estimated,332.7,10.32,WS_2666,Agricultural
AP_ANP_00427,Anantapur,Uravakonda,Kakkalapalli,SY-10427,15.045105,77.886932,4.82,Polygon,Verified,435.6,9.53,WS_5482,Agricultural
AP_ANP_00428,Anantapur,Anantapur,Talupula,SY-10428,13.880197,78.010976,2.15,Polygon,Verified,687.0,3.37,WS_7531,Agricultural
AP_ANP_00429,Anantapur,Bukkarayasamudram,Kakkalapalli,SY-10429,13.685623,77.477755,2.24,Polygon,Verified,527.2,2.79,WS_4129,Agricultural
AP_ANP_00430,Anantapur,Rayadurg,Kakkalapalli,SY-10430,15.117605,78.500398,5.07,Polygon,Estimated,642.9,7.28,WS_9347,Agricultural
AP_ANP_00431,Anantapur,Raptadu,Beluguppa,SY-10431,14.379625,77.573973,4.98,Polygon,Estimated,634.7,5.08,WS_2117,Agricultural
AP_ANP_00432,Anantapur,Tadipatri,Talupula,SY-10432,14.820629,76.881815,5.35,Polygon,Verified,585.0,5.89,WS_4435,Agricultural
AP_ANP_00433,Anantapur,Gooty,Beluguppa,SY-10433,14.602116,77.301247,6.9,Polygon,Estimated,748.2,9.65,WS_4791,Agricultural
AP_ANP_00434,Anantapur,Raptadu,Atmakur,SY-10434,14.83741,78.446939,1.92,Polygon,Estimated,597.8,7.52,WS_4113,Agricultural
AP_ANP_00435,Anantapur,Kadiri,Beluguppa,SY-10435,13.800778,78.190989,2.28,Polygon,Verified,532.9,11.19,WS_5485,Agricultural
AP_ANP_00436,Anantapur,Uravakonda,Kakkalapalli,SY-10436,14.108879,78.148967,3.73,Polygon,Verified,391.4,5.31,WS_7999,Agricultural
AP_ANP_00437,Anantapur,Anantapur,Talupula,SY-10437,15.138388,78.002162,7.5,Polygon,Verified,555.7,8.3,WS_2051,Agricultural
AP_ANP_00438,Anantapur,Tadipatri,Kanekal,SY-10438,15.115458,78.392739,6.04,Polygon,Verified,390.8,11.58,WS_1307,Agricultural
AP_ANP_00439,Anantapur,Bukkarayasamudram,Atmakur,SY-10439,14.729994,77.920841,7.93,Polygon,Verified,420.0,1.41,WS_5891,Agricultural
AP_ANP_00440,Anantapur,Anantapur,Putlur,SY-10440,14.149419,78.302229,7.52,Polygon,Verified,436.3,11.18,WS_1183,Agricultural
AP_ANP_00441,Anantapur,Rayadurg,Beluguppa,SY-10441,15.148922,77.604086,4.26,Polygon,Verified,485.5,8.11,WS_9002,Agricultural
AP_ANP_00442,Anantapur,Rayadurg,Talupula,SY-10442,13.783675,78.494759,6.38,Polygon,Verified,682.5,3.37,WS_7305,Agricultural
AP_ANP_00443,Anantapur,Kalyandurg,Kakkalapalli,SY-10443,15.032901,78.436515,2.85,Polygon,Verified,385.8,2.69,WS_5765,Agricultural
AP_ANP_00444,Anantapur,Kadiri,Putlur,SY-10444,14.566075,78.353644,6.67,Polygon,Verified,492.9,1.84,WS_6884,Agricultural
AP_ANP_00445,Anantapur,Bukkarayasamudram,Putlur,SY-10445,13.819343,78.12099,5.24,Polygon,Verified,445.1,4.58,WS_8279,Agricultural
AP_ANP_00446,Anantapur,Kalyandurg,Nallamada,SY-10446,14.530267,76.990536,7.05,Polygon,Verified,599.8,5.22,WS_5440,Agricultural
AP_ANP_00447,Anantapur,Dharmavaram,Atmakur,SY-10447,13.732374,77.257088,6.35,Polygon,Verified,287.8,4.66,WS_5538,Agricultural
AP_ANP_00448,Anantapur,Uravakonda,Talupula,SY-10448,13.707575,77.870725,6.04,Polygon,Verified,579.4,6.62,WS_5939,Agricultural
AP_ANP_00449,Anantapur,Kalyandurg,Putlur,SY-10449,14.863188,78.146689,4.71,Polygon,Verified,461.8,9.63,WS_9806,Agricultural
AP_ANP_00450,Anantapur,Bukkarayasamudram,Talupula,SY-10450,13.984113,77.059757,1.37,Polygon,Verified,511.8,3.01,WS_3432,Agricultural
AP_ANP_00451,Anantapur,Anantapur,Bathalapalli,SY-10451,14.524211,77.446576,6.68,Polygon,Estimated,488.7,4.53,WS_7845,Agricultural
AP_ANP_00452,Anantapur,Anantapur,Atmakur,SY-10452,14.491697,77.080864,6.76,Polygon,Verified,706.4,7.01,WS_8693,Agricultural
AP_ANP_00453,Anantapur,Rayadurg,Kanekal,SY-10453,14.819014,78.20671,2.57,Polygon,Verified,258.4,8.31,WS_8984,Agricultural
AP_ANP_00454,Anantapur,Kalyandurg,Bathalapalli,SY-10454,14.562691,78.486796,2.84,Polygon,Verified,577.1,7.62,WS_7928,Agricultural
AP_ANP_00455,Anantapur,Raptadu,Beluguppa,SY-10455,14.268267,77.009445,5.1,Polygon,Estimated,580.9,1.38,WS_2939,Agricultural
AP_ANP_00456,Anantapur,Dharmavaram,Yellanur,SY-10456,14.245132,78.300559,6.61,Polygon,Verified,436.7,3.44,WS_6184,Agricultural
AP_ANP_00457,Anantapur,Kadiri,Nallamada,SY-10457,14.261076,78.016481,5.44,Polygon,Verified,447.6,2.59,WS_9378,Agricultural
AP_ANP_00458,Anantapur,Dharmavaram,Putlur,SY-10458,13.869126,78.382794,4.68,Polygon,Verified,501.2,8.91,WS_4558,Agricultural
AP_ANP_00459,Anantapur,Tadipatri,Bommanahal,SY-10459,13.680343,77.636304,3.35,Polygon,Verified,392.8,1.55,WS_9849,Agricultural
AP_ANP_00460,Anantapur,Tadipatri,Talupula,SY-10460,14.849542,77.51681,3.83,Polygon,Estimated,579.0,0.59,WS_2657,Agricultural
AP_ANP_00461,Anantapur,Dharmavaram,Beluguppa,SY-10461,14.400764,77.580787,2.37,Polygon,Verified,387.2,10.87,WS_3671,Agricultural
AP_ANP_00462,Anantapur,Rayadurg,Yellanur,SY-10462,14.925581,78.083123,5.73,Polygon,Verified,366.9,2.93,WS_1725,Agricultural
AP_ANP_00463,Anantapur,Rayadurg,Kanekal,SY-10463,14.304918,77.038328,3.37,Polygon,Verified,477.2,9.47,WS_8483,Agricultural
AP_ANP_00464,Anantapur,Kalyandurg,Atmakur,SY-10464,14.289574,77.348087,1.99,Polygon,Verified,693.6,5.33,WS_3931,Agricultural
AP_ANP_00465,Anantapur,Kalyandurg,Bathalapalli,SY-10465,13.856361,77.107686,3.64,Polygon,Verified,699.0,1.47,WS_7782,Agricultural
AP_ANP_00466,Anantapur,Raptadu,Bathalapalli,SY-10466,14.65875,77.884409,1.72,Polygon,Verified,261.9,10.1,WS_5780,Agricultural
AP_ANP_00467,Anantapur,Kalyandurg,Beluguppa,SY-10467,14.023225,77.303807,2.58,Polygon,Verified,713.5,2.96,WS_9975,Agricultural
AP_ANP_00468,Anantapur,Anantapur,Yellanur,SY-10468,14.228632,76.851574,4.87,Polygon,Verified,643.7,4.02,WS_7447,Agricultural
AP_ANP_00469,Anantapur,Bukkarayasamudram,Nallamada,SY-10469,15.158081,77.779558,2.56,Polygon,Verified,385.7,10.9,WS_2902,Agricultural
AP_ANP_00470,Anantapur,Kalyandurg,Bommanahal,SY-10470,13.749114,77.538892,1.73,Polygon,Verified,408.8,3.48,WS_9711,Agricultural
AP_ANP_00471,Anantapur,Gooty,Putlur,SY-10471,13.752577,77.610106,3.03,Polygon,Estimated,291.8,2.93,WS_1969,Agricultural
AP_ANP_00472,Anantapur,Kalyandurg,Nallamada,SY-10472,14.388057,77.595793,3.01,Polygon,Verified,515.0,2.36,WS_5713,Agricultural
AP_ANP_00473,Anantapur,Gooty,Talupula,SY-10473,14.816257,77.07702,1.62,Polygon,Verified,430.5,5.2,WS_9975,Agricultural
AP_ANP_00474,Anantapur,Tadipatri,Talupula,SY-10474,14.92377,77.85271,3.03,Polygon,Estimated,373.3,11.72,WS_3581,Agricultural
AP_ANP_00475,Anantapur,Dharmavaram,Nallamada,SY-10475,14.099059,77.019801,1.33,Polygon,Verified,687.6,9.59,WS_9339,Agricultural
AP_ANP_00476,Anantapur,Raptadu,Nallamada,SY-10476,13.768946,76.88153,5.42,Polygon,Verified,291.0,0.9,WS_6929,Agricultural
AP_ANP_00477,Anantapur,Raptadu,Putlur,SY-10477,14.40739,77.011104,1.77,Polygon,Verified,630.8,6.33,WS_3462,Agricultural
AP_ANP_00478,Anantapur,Kadiri,Talupula,SY-10478,14.828809,77.581851,3.85,Polygon,Verified,582.7,6.26,WS_9207,Agricultural
AP_ANP_00479,Anantapur,Kalyandurg,Talupula,SY-10479,14.287397,77.302089,1.47,Polygon,Verified,551.6,6.52,WS_3654,Agricultural
AP_ANP_00480,Anantapur,Anantapur,Atmakur,SY-10480,14.387572,77.151016,5.39,Polygon,Verified,645.7,7.43,WS_7553,Agricultural
AP_ANP_00481,Anantapur,Rayadurg,Kakkalapalli,SY-10481,14.678142,78.324397,2.93,Polygon,Verified,547.1,7.44,WS_3077,Agricultural
AP_ANP_00482,Anantapur,Dharmavaram,Kanekal,SY-10482,13.829433,76.833095,3.98,Polygon,Estimated,411.9,8.1,WS_9745,Agricultural
AP_ANP_00483,Anantapur,Gooty,Kanekal,SY-10483,13.809558,77.890795,6.87,Polygon,Verified,617.1,4.43,WS_6593,Agricultural
AP_ANP_00484,Anantapur,Raptadu,Kakkalapalli,SY-10484,14.258199,77.027496,0.71,Polygon,Verified,653.4,10.18,WS_8206,Agricultural
AP_ANP_00485,Anantapur,Tadipatri,Atmakur,SY-10485,14.676555,78.103658,4.19,Polygon,Verified,652.8,5.08,WS_9718,Agricultural
AP_ANP_00486,Anantapur,Gooty,Nallamada,SY-10486,14.502271,77.700501,1.02,Polygon,Verified,550.5,4.42,WS_6247,Agricultural
AP_ANP_00487,Anantapur,Bukkarayasamudram,Kanekal,SY-10487,13.82925,78.086494,2.7,Polygon,Verified,598.9,10.85,WS_3776,Agricultural
AP_ANP_00488,Anantapur,Anantapur,Nallamada,SY-10488,14.583177,77.846152,2.4,Polygon,Verified,290.8,11.13,WS_6874,Agricultural
AP_ANP_00489,Anantapur,Kalyandurg,Kanekal,SY-10489,14.695402,78.42487,6.78,Polygon,Verified,313.1,9.85,WS_9872,Agricultural
AP_ANP_00490,Anantapur,Uravakonda,Kakkalapalli,SY-10490,14.109219,78.409677,5.34,Polygon,Verified,399.4,10.75,WS_2268,Agricultural
AP_ANP_00491,Anantapur,Kadiri,Atmakur,SY-10491,14.486971,77.066791,1.19,Polygon,Estimated,697.2,9.97,WS_1325,Agricultural
AP_ANP_00492,Anantapur,Raptadu,Kanekal,SY-10492,14.666029,78.579904,2.19,Polygon,Verified,490.0,2.09,WS_8754,Agricultural
AP_ANP_00493,Anantapur,Kalyandurg,Kanekal,SY-10493,14.310566,77.757369,7.05,Polygon,Estimated,541.4,9.84,WS_8604,Agricultural
AP_ANP_00494,Anantapur,Anantapur,Atmakur,SY-10494,14.382457,78.347202,4.94,Polygon,Verified,432.3,8.99,WS_6594,Agricultural
AP_ANP_00495,Anantapur,Dharmavaram,Nallamada,SY-10495,14.805555,78.371147,4.25,Polygon,Verified,559.6,2.65,WS_7331,Agricultural
AP_ANP_00496,Anantapur,Raptadu,Kanekal,SY-10496,14.092048,77.685698,6.47,Polygon,Verified,363.0,6.84,WS_1857,Agricultural
AP_ANP_00497,Anantapur,Kadiri,Putlur,SY-10497,14.076921,77.300121,6.29,Polygon,Verified,666.2,11.72,WS_6326,Agricultural
AP_ANP_00498,Anantapur,Kalyandurg,Putlur,SY-10498,14.073064,78.47858,4.42,Polygon,Verified,449.6,7.38,WS_9105,Agricultural
AP_ANP_00499,Anantapur,Anantapur,Yellanur,SY-10499,14.895879,77.849634,5.98,Polygon,Verified,570.5,5.86,WS_8833,Agricultural
AP_ANP_00500,Anantapur,Uravakonda,Yellanur,SY-10500,15.058143,76.837681,2.87,Polygon,Verified,633.3,8.57,WS_6599,Agricultural
