parcel_id,season,year,soil_score,rainfall_score,temperature_score,irrigation_score,historical_yield_score,suitability_score,recommended_crop,diversification_potential,water_saving_percent
AP_ANP_00001,Kharif,2025,78,91,68,54,82,74.6,Sunflower,Medium,28
AP_ANP_00001,Rabi,2025,62,50,50,63,92,63.4,Bengal Gram,Low,12
AP_ANP_00001,Summer,2025,61,92,41,63,83,68.0,Pearl Millet,Low,30
AP_ANP_00002,Kharif,2025,72,51,97,61,83,72.8,Foxtail Millet,Medium,51
AP_ANP_00002,Rabi,2025,67,99,55,54,86,72.2,Red Gram,Medium,12
AP_ANP_00002,Summer,2025,76,90,46,60,48,64.0,Pearl Millet,High,23
AP_ANP_00003,Kharif,2025,89,97,48,65,92,78.2,Pearl Millet,Medium,56
AP_ANP_00003,Rabi,2025,99,46,83,47,86,72.2,Red Gram,High,45
AP_ANP_00003,Summer,2025,89,79,43,41,45,59.4,Pearl Millet,Medium,38
AP_ANP_00004,Kharif,2025,57,65,83,73,49,65.4,Bengal Gram,Medium,57
AP_ANP_00004,Rabi,2025,54,47,53,62,99,63.0,Foxtail Millet,High,30
AP_ANP_00004,Summer,2025,55,84,57,86,92,74.8,Pearl Millet,High,54
AP_ANP_00005,Kharif,2025,80,68,54,84,40,65.2,Foxtail Millet,High,33
AP_ANP_00005,Rabi,2025,40,83,47,63,50,56.6,Red Gram,High,44
AP_ANP_00005,Summer,2025,74,72,98,44,81,73.8,Pearl Millet,Low,16
AP_ANP_00006,Kharif,2025,48,47,51,73,72,58.2,Sunflower,High,49
AP_ANP_00006,Rabi,2025,61,66,74,40,74,63.0,Sunflower,High,12
AP_ANP_00006,Summer,2025,40,44,65,94,53,59.2,Red Gram,Medium,24
AP_ANP_00007,Kharif,2025,65,81,99,52,90,77.4,Foxtail Millet,Medium,41
AP_ANP_00007,Rabi,2025,43,69,76,62,78,65.6,Sunflower,Medium,38
AP_ANP_00007,Summer,2025,75,52,71,46,98,68.4,Red Gram,Low,11
AP_ANP_00008,Kharif,2025,81,84,96,92,45,79.6,Bengal Gram,High,53
AP_ANP_00008,Rabi,2025,59,69,50,97,94,73.8,Bengal Gram,Medium,42
AP_ANP_00008,Summer,2025,40,96,66,96,91,77.8,Sunflower,High,48
AP_ANP_00009,Kharif,2025,45,47,66,48,76,56.4,Foxtail Millet,Low,53
AP_ANP_00009,Rabi,2025,63,54,98,93,71,75.8,Foxtail Millet,Medium,58
AP_ANP_00009,Summer,2025,97,91,51,78,41,71.6,Red Gram,Medium,58
AP_ANP_00010,Kharif,2025,95,56,98,88,41,75.6,Pearl Millet,Medium,32
AP_ANP_00010,Rabi,2025,76,71,72,40,58,63.4,Pearl Millet,Medium,35
AP_ANP_00010,Summer,2025,71,45,71,94,43,64.8,Red Gram,Medium,26
AP_ANP_00011,Kharif,2025,77,63,44,91,73,69.6,Red Gram,High,25
AP_ANP_00011,Rabi,2025,72,48,99,98,45,72.4,Sunflower,High,45
AP_ANP_00011,Summer,2025,58,65,42,58,59,56.4,Bengal Gram,High,49
AP_ANP_00012,Kharif,2025,78,57,79,40,50,60.8,Bengal Gram,High,59
AP_ANP_00012,Rabi,2025,62,70,69,81,74,71.2,Bengal Gram,Low,57
AP_ANP_00012,Summer,2025,96,91,99,88,41,83.0,Foxtail Millet,Low,21
AP_ANP_00013,Kharif,2025,44,76,71,98,94,76.6,Foxtail Millet,Medium,28
AP_ANP_00013,Rabi,2025,87,55,42,59,63,61.2,Foxtail Millet,Medium,20
AP_ANP_00013,Summer,2025,88,47,75,77,79,73.2,Bengal Gram,Medium,57
AP_ANP_00014,Kharif,2025,64,74,64,68,57,65.4,Pearl Millet,Medium,44
AP_ANP_00014,Rabi,2025,55,80,75,72,43,65.0,Foxtail Millet,Medium,57
AP_ANP_00014,Summer,2025,59,95,47,46,42,57.8,Foxtail Millet,Medium,57
AP_ANP_00015,Kharif,2025,51,98,90,61,94,78.8,Sunflower,Medium,17
AP_ANP_00015,Rabi,2025,66,66,73,60,69,66.8,Foxtail Millet,Medium,42
AP_ANP_00015,Summer,2025,44,99,87,58,43,66.2,Red Gram,High,26
AP_ANP_00016,Kharif,2025,83,67,69,68,85,74.4,Sunflower,High,50
AP_ANP_00016,Rabi,2025,76,63,68,88,85,76.0,Sunflower,Medium,42
AP_ANP_00016,Summer,2025,91,60,71,62,72,71.2,Red Gram,Low,34
AP_ANP_00017,Kharif,2025,81,70,93,97,42,76.6,Pearl Millet,Medium,31
AP_ANP_00017,Rabi,2025,62,41,66,81,41,58.2,Pearl Millet,High,42
AP_ANP_00017,Summer,2025,48,82,93,87,78,77.6,Sunflower,Medium,35
AP_ANP_00018,Kharif,2025,74,89,64,63,52,68.4,Bengal Gram,Medium,45
AP_ANP_00018,Rabi,2025,84,59,40,47,85,63.0,Bengal Gram,High,24
AP_ANP_00018,Summer,2025,67,73,41,71,62,62.8,Red Gram,Medium,31
AP_ANP_00019,Kharif,2025,97,97,61,88,91,86.8,Pearl Millet,High,52
AP_ANP_00019,Rabi,2025,99,76,72,47,92,77.2,Bengal Gram,Low,14
AP_ANP_00019,Summer,2025,78,43,45,84,71,64.2,Bengal Gram,Medium,44
AP_ANP_00020,Kharif,2025,94,79,91,55,52,74.2,Pearl Millet,Medium,39
AP_ANP_00020,Rabi,2025,58,56,95,58,67,66.8,Pearl Millet,Low,46
AP_ANP_00020,Summer,2025,65,92,62,48,51,63.6,Sunflower,Low,10
AP_ANP_00021,Kharif,2025,86,73,71,93,87,82.0,Foxtail Millet,Medium,10
AP_ANP_00021,Rabi,2025,55,78,44,61,68,61.2,Red Gram,Low,25
AP_ANP_00021,Summer,2025,90,76,61,96,68,78.2,Bengal Gram,Low,58
AP_ANP_00022,Kharif,2025,69,85,91,44,51,68.0,Pearl Millet,High,30
AP_ANP_00022,Rabi,2025,78,75,72,69,76,74.0,Pearl Millet,Medium,14
AP_ANP_00022,Summer,2025,75,73,91,70,49,71.6,Pearl Millet,High,41
AP_ANP_00023,Kharif,2025,40,95,44,84,43,61.2,Pearl Millet,Low,41
AP_ANP_00023,Rabi,2025,66,59,63,51,89,65.6,Red Gram,Medium,42
AP_ANP_00023,Summer,2025,90,82,76,51,42,68.2,Foxtail Millet,High,19
AP_ANP_00024,Kharif,2025,82,83,68,52,51,67.2,Pearl Millet,Low,59
AP_ANP_00024,Rabi,2025,74,62,56,65,47,60.8,Sunflower,High,35
AP_ANP_00024,Summer,2025,73,90,80,46,43,66.4,Pearl Millet,Medium,54
AP_ANP_00025,Kharif,2025,50,68,95,75,64,70.4,Sunflower,High,45
AP_ANP_00025,Rabi,2025,49,76,48,63,74,62.0,Foxtail Millet,High,45
AP_ANP_00025,Summer,2025,57,88,78,71,63,71.4,Sunflower,Low,22
AP_ANP_00026,Kharif,2025,62,64,74,80,69,69.8,Foxtail Millet,Medium,29
AP_ANP_00026,Rabi,2025,87,64,61,52,98,72.4,Red Gram,Medium,21
AP_ANP_00026,Summer,2025,80,58,51,48,46,56.6,Bengal Gram,High,28
AP_ANP_00027,Kharif,2025,97,86,55,92,44,74.8,Red Gram,Medium,30
AP_ANP_00027,Rabi,2025,75,92,62,55,96,76.0,Sunflower,High,48
AP_ANP_00027,Summer,2025,53,70,97,44,74,67.6,Sunflower,Medium,27
AP_ANP_00028,Kharif,2025,86,51,48,49,97,66.2,Bengal Gram,High,47
AP_ANP_00028,Rabi,2025,46,85,52,79,81,68.6,Foxtail Millet,High,11
AP_ANP_00028,Summer,2025,44,68,76,77,58,64.6,Sunflower,Medium,26
AP_ANP_00029,Kharif,2025,46,64,84,43,75,62.4,Bengal Gram,Low,53
AP_ANP_00029,Rabi,2025,93,78,66,49,65,70.2,Red Gram,Low,12
AP_ANP_00029,Summer,2025,84,52,89,67,97,77.8,Bengal Gram,Low,50
AP_ANP_00030,Kharif,2025,78,40,42,52,67,55.8,Foxtail Millet,Medium,58
AP_ANP_00030,Rabi,2025,64,95,72,77,92,80.0,Pearl Millet,Low,41
AP_ANP_00030,Summer,2025,84,86,60,55,93,75.6,Sunflower,High,46
AP_ANP_00031,Kharif,2025,75,74,58,59,96,72.4,Pearl Millet,Low,58
AP_ANP_00031,Rabi,2025,53,54,70,40,92,61.8,Red Gram,High,20
AP_ANP_00031,Summer,2025,51,49,71,55,47,54.6,Bengal Gram,Low,17
AP_ANP_00032,Kharif,2025,97,67,75,65,47,70.2,Pearl Millet,Low,37
AP_ANP_00032,Rabi,2025,67,76,80,75,66,72.8,Foxtail Millet,Medium,29
AP_ANP_00032,Summer,2025,52,67,87,68,52,65.2,Red Gram,High,27
AP_ANP_00033,Kharif,2025,90,44,86,64,41,65.0,Pearl Millet,High,59
AP_ANP_00033,Rabi,2025,98,84,44,94,95,83.0,Foxtail Millet,High,27
AP_ANP_00033,Summer,2025,71,86,88,50,60,71.0,Pearl Millet,Medium,31
AP_ANP_00034,Kharif,2025,98,66,88,52,72,75.2,Pearl Millet,Low,10
AP_ANP_00034,Rabi,2025,60,87,94,45,67,70.6,Foxtail Millet,Medium,14
AP_ANP_00034,Summer,2025,77,42,92,62,76,69.8,Sunflower,High,19
AP_ANP_00035,Kharif,2025,58,56,60,53,48,55.0,Foxtail Millet,High,22
AP_ANP_00035,Rabi,2025,43,40,88,79,71,64.2,Pearl Millet,Medium,17
AP_ANP_00035,Summer,2025,78,65,97,73,93,81.2,Red Gram,Medium,21
AP_ANP_00036,Kharif,2025,40,93,83,44,69,65.8,Red Gram,Medium,57
AP_ANP_00036,Rabi,2025,86,62,54,76,60,67.6,Pearl Millet,High,48
AP_ANP_00036,Summer,2025,77,99,73,77,89,83.0,Pearl Millet,Medium,24
AP_ANP_00037,Kharif,2025,66,90,73,91,96,83.2,Foxtail Millet,High,39
AP_ANP_00037,Rabi,2025,94,81,90,56,44,73.0,Sunflower,Low,26
AP_ANP_00037,Summer,2025,49,56,99,59,63,65.2,Sunflower,High,11
AP_ANP_00038,Kharif,2025,52,82,82,87,50,70.6,Red Gram,Medium,32
AP_ANP_00038,Rabi,2025,94,55,70,50,93,72.4,Bengal Gram,Low,34
AP_ANP_00038,Summer,2025,42,71,42,66,68,57.8,Pearl Millet,Medium,60
AP_ANP_00039,Kharif,2025,58,60,44,57,67,57.2,Pearl Millet,Low,30
AP_ANP_00039,Rabi,2025,45,40,44,80,51,52.0,Pearl Millet,High,58
AP_ANP_00039,Summer,2025,53,65,84,66,48,63.2,Pearl Millet,High,31
AP_ANP_00040,Kharif,2025,86,95,69,82,87,83.8,Sunflower,Low,45
AP_ANP_00040,Rabi,2025,40,47,88,74,91,68.0,Pearl Millet,High,23
AP_ANP_00040,Summer,2025,63,41,84,65,53,61.2,Red Gram,Medium,16
AP_ANP_00041,Kharif,2025,42,86,62,85,82,71.4,Bengal Gram,Low,47
AP_ANP_00041,Rabi,2025,74,90,54,64,94,75.2,Sunflower,Low,48
AP_ANP_00041,Summer,2025,96,56,78,61,65,71.2,Bengal Gram,Low,22
AP_ANP_00042,Kharif,2025,59,64,43,49,42,51.4,Foxtail Millet,Medium,56
AP_ANP_00042,Rabi,2025,75,86,61,73,86,76.2,Foxtail Millet,Medium,51
AP_ANP_00042,Summer,2025,80,76,45,91,65,71.4,Pearl Millet,Low,54
AP_ANP_00043,Kharif,2025,45,76,96,72,92,76.2,Sunflower,Low,57
AP_ANP_00043,Rabi,2025,43,69,50,69,70,60.2,Foxtail Millet,Low,60
AP_ANP_00043,Summer,2025,70,79,76,75,63,72.6,Pearl Millet,Medium,20
AP_ANP_00044,Kharif,2025,43,54,45,93,88,64.6,Red Gram,High,11
AP_ANP_00044,Rabi,2025,54,50,47,65,90,61.2,Sunflower,High,15
AP_ANP_00044,Summer,2025,65,93,43,58,59,63.6,Foxtail Millet,High,21
AP_ANP_00045,Kharif,2025,86,40,65,53,77,64.2,Sunflower,Medium,45
AP_ANP_00045,Rabi,2025,52,82,42,72,45,58.6,Pearl Millet,Medium,14
AP_ANP_00045,Summer,2025,62,49,83,41,52,57.4,Pearl Millet,Low,46
AP_ANP_00046,Kharif,2025,48,56,48,50,54,51.2,Red Gram,Medium,58
AP_ANP_00046,Rabi,2025,44,99,83,89,53,73.6,Sunflower,High,18
AP_ANP_00046,Summer,2025,73,51,74,74,40,62.4,Bengal Gram,High,17
AP_ANP_00047,Kharif,2025,50,80,76,53,99,71.6,Red Gram,Low,14
AP_ANP_00047,Rabi,2025,58,98,53,65,43,63.4,Foxtail Millet,High,34
AP_ANP_00047,Summer,2025,57,79,47,78,79,68.0,Red Gram,Medium,42
AP_ANP_00048,Kharif,2025,62,54,72,64,56,61.6,Foxtail Millet,Medium,11
AP_ANP_00048,Rabi,2025,53,92,79,79,90,78.6,Red Gram,Medium,12
AP_ANP_00048,Summer,2025,46,90,47,81,91,71.0,Sunflower,Medium,39
AP_ANP_00049,Kharif,2025,78,66,75,68,77,72.8,Foxtail Millet,Medium,46
AP_ANP_00049,Rabi,2025,66,94,72,43,61,67.2,Pearl Millet,High,19
AP_ANP_00049,Summer,2025,72,93,77,52,70,72.8,Bengal Gram,Medium,24
AP_ANP_00050,Kharif,2025,68,47,44,68,86,62.6,Bengal Gram,High,11
AP_ANP_00050,Rabi,2025,66,70,90,90,75,78.2,Bengal Gram,High,36
AP_ANP_00050,Summer,2025,44,59,50,49,79,56.2,Pearl Millet,High,21
AP_ANP_00051,Kharif,2025,65,52,79,57,64,63.4,Foxtail Millet,Low,52
AP_ANP_00051,Rabi,2025,51,83,75,87,43,67.8,Sunflower,High,17
AP_ANP_00051,Summer,2025,81,88,67,70,97,80.6,Foxtail Millet,Medium,38
AP_ANP_00052,Kharif,2025,53,79,80,61,50,64.6,Foxtail Millet,Low,30
AP_ANP_00052,Rabi,2025,65,85,75,93,62,76.0,Foxtail Millet,Medium,60
AP_ANP_00052,Summer,2025,79,54,60,86,48,65.4,Sunflower,Medium,35
AP_ANP_00053,Kharif,2025,80,74,91,64,65,74.8,Red Gram,High,16
AP_ANP_00053,Rabi,2025,57,66,73,66,56,63.6,Red Gram,Low,60
AP_ANP_00053,Summer,2025,93,63,64,46,91,71.4,Sunflower,High,58
AP_ANP_00054,Kharif,2025,68,82,61,65,67,68.6,Pearl Millet,Medium,16
AP_ANP_00054,Rabi,2025,56,59,80,88,59,68.4,Bengal Gram,Medium,49
AP_ANP_00054,Summer,2025,88,46,40,71,52,59.4,Red Gram,Low,28
AP_ANP_00055,Kharif,2025,71,69,68,88,84,76.0,Sunflower,Medium,49
AP_ANP_00055,Rabi,2025,58,57,40,53,90,59.6,Pearl Millet,Medium,37
AP_ANP_00055,Summer,2025,88,89,69,77,90,82.6,Bengal Gram,Low,38
AP_ANP_00056,Kharif,2025,94,78,42,71,49,66.8,Pearl Millet,High,43
AP_ANP_00056,Rabi,2025,99,72,62,94,67,78.8,Pearl Millet,High,17
AP_ANP_00056,Summer,2025,40,96,94,42,63,67.0,Red Gram,Medium,17
AP_ANP_00057,Kharif,2025,93,96,86,76,42,78.6,Red Gram,Medium,56
AP_ANP_00057,Rabi,2025,47,73,74,71,63,65.6,Red Gram,High,46
AP_ANP_00057,Summer,2025,93,60,53,70,94,74.0,Pearl Millet,Low,16
AP_ANP_00058,Kharif,2025,72,62,60,58,87,67.8,Sunflower,High,38
AP_ANP_00058,Rabi,2025,99,57,41,40,86,64.6,Sunflower,Medium,51
AP_ANP_00058,Summer,2025,41,42,62,94,51,58.0,Bengal Gram,Medium,47
AP_ANP_00059,Kharif,2025,69,48,73,92,83,73.0,Red Gram,High,31
AP_ANP_00059,Rabi,2025,83,63,56,49,69,64.0,Red Gram,High,41
AP_ANP_00059,Summer,2025,56,89,90,56,53,68.8,Foxtail Millet,Medium,54
AP_ANP_00060,Kharif,2025,64,78,48,93,61,68.8,Red Gram,Medium,35
AP_ANP_00060,Rabi,2025,97,68,84,73,62,76.8,Sunflower,Low,27
AP_ANP_00060,Summer,2025,60,81,75,80,77,74.6,Pearl Millet,Medium,34
AP_ANP_00061,Kharif,2025,77,97,51,62,92,75.8,Pearl Millet,Low,36
AP_ANP_00061,Rabi,2025,96,70,45,66,79,71.2,Pearl Millet,Medium,16
AP_ANP_00061,Summer,2025,49,84,56,65,60,62.8,Bengal Gram,High,55
AP_ANP_00062,Kharif,2025,41,99,93,82,40,71.0,Red Gram,Low,60
AP_ANP_00062,Rabi,2025,65,68,60,50,79,64.4,Red Gram,Medium,58
AP_ANP_00062,Summer,2025,98,78,79,74,93,84.4,Pearl Millet,Medium,33
AP_ANP_00063,Kharif,2025,93,61,44,95,72,73.0,Pearl Millet,Low,29
AP_ANP_00063,Rabi,2025,58,74,91,82,56,72.2,Red Gram,Medium,43
AP_ANP_00063,Summer,2025,48,65,41,92,48,58.8,Foxtail Millet,Medium,10
AP_ANP_00064,Kharif,2025,64,82,79,81,64,74.0,Red Gram,High,46
AP_ANP_00064,Rabi,2025,83,83,90,69,77,80.4,Pearl Millet,Low,46
AP_ANP_00064,Summer,2025,83,98,98,88,56,84.6,Pearl Millet,Medium,58
AP_ANP_00065,Kharif,2025,86,51,55,63,58,62.6,Sunflower,High,46
AP_ANP_00065,Rabi,2025,93,55,45,47,64,60.8,Pearl Millet,Medium,24
AP_ANP_00065,Summer,2025,98,65,80,84,65,78.4,Pearl Millet,Medium,26
AP_ANP_00066,Kharif,2025,62,65,60,61,97,69.0,Sunflower,High,60
AP_ANP_00066,Rabi,2025,87,47,89,98,62,76.6,Sunflower,Medium,39
AP_ANP_00066,Summer,2025,91,78,74,57,98,79.6,Pearl Millet,Medium,23
AP_ANP_00067,Kharif,2025,70,63,74,83,99,77.8,Sunflower,Low,46
AP_ANP_00067,Rabi,2025,82,79,65,94,62,76.4,Bengal Gram,Medium,58
AP_ANP_00067,Summer,2025,43,68,61,64,52,57.6,Pearl Millet,Medium,54
AP_ANP_00068,Kharif,2025,81,83,41,94,74,74.6,Pearl Millet,High,22
AP_ANP_00068,Rabi,2025,52,57,71,71,74,65.0,Red Gram,High,38
AP_ANP_00068,Summer,2025,88,68,92,83,96,85.4,Bengal Gram,High,19
AP_ANP_00069,Kharif,2025,69,64,78,59,44,62.8,Foxtail Millet,Low,12
AP_ANP_00069,Rabi,2025,84,53,95,69,89,78.0,Bengal Gram,High,46
AP_ANP_00069,Summer,2025,64,87,40,92,85,73.6,Foxtail Millet,Low,33
AP_ANP_00070,Kharif,2025,43,51,98,97,76,73.0,Sunflower,Medium,15
AP_ANP_00070,Rabi,2025,78,95,85,63,50,74.2,Sunflower,High,16
AP_ANP_00070,Summer,2025,91,43,98,47,59,67.6,Sunflower,Medium,60
AP_ANP_00071,Kharif,2025,84,85,49,82,73,74.6,Foxtail Millet,Low,58
AP_ANP_00071,Rabi,2025,97,42,95,45,44,64.6,Sunflower,Medium,32
AP_ANP_00071,Summer,2025,88,48,74,59,97,73.2,Foxtail Millet,Low,51
AP_ANP_00072,Kharif,2025,74,89,57,56,63,67.8,Red Gram,High,47
AP_ANP_00072,Rabi,2025,52,95,86,64,48,69.0,Bengal Gram,Medium,43
AP_ANP_00072,Summer,2025,50,80,95,42,98,73.0,Bengal Gram,Medium,12
AP_ANP_00073,Kharif,2025,64,73,51,81,48,63.4,Foxtail Millet,Medium,43
AP_ANP_00073,Rabi,2025,63,99,54,77,47,68.0,Red Gram,High,35
AP_ANP_00073,Summer,2025,57,45,76,99,87,72.8,Sunflower,High,22
AP_ANP_00074,Kharif,2025,56,89,79,84,71,75.8,Sunflower,High,12
AP_ANP_00074,Rabi,2025,95,79,73,79,66,78.4,Sunflower,Medium,15
AP_ANP_00074,Summer,2025,63,58,55,79,67,64.4,Foxtail Millet,Low,57
AP_ANP_00075,Kharif,2025,80,52,82,84,64,72.4,Sunflower,Medium,36
AP_ANP_00075,Rabi,2025,77,99,46,44,82,69.6,Sunflower,High,60
AP_ANP_00075,Summer,2025,70,62,81,49,71,66.6,Red Gram,Low,48
AP_ANP_00076,Kharif,2025,70,57,75,41,53,59.2,Sunflower,Medium,48
AP_ANP_00076,Rabi,2025,41,71,52,85,66,63.0,Foxtail Millet,Medium,49
AP_ANP_00076,Summer,2025,70,73,99,63,84,77.8,Red Gram,Low,28
AP_ANP_00077,Kharif,2025,69,46,49,80,71,63.0,Pearl Millet,Medium,24
AP_ANP_00077,Rabi,2025,69,76,68,61,43,63.4,Bengal Gram,Medium,59
AP_ANP_00077,Summer,2025,43,66,56,51,61,55.4,Foxtail Millet,Medium,10
AP_ANP_00078,Kharif,2025,61,65,95,98,57,75.2,Pearl Millet,High,56
AP_ANP_00078,Rabi,2025,68,51,75,98,74,73.2,Bengal Gram,High,16
AP_ANP_00078,Summer,2025,68,50,72,45,86,64.2,Red Gram,Medium,32
AP_ANP_00079,Kharif,2025,65,73,85,73,68,72.8,Bengal Gram,Medium,22
AP_ANP_00079,Rabi,2025,80,78,54,94,68,74.8,Sunflower,Medium,41
AP_ANP_00079,Summer,2025,41,86,53,59,61,60.0,Red Gram,Medium,26
AP_ANP_00080,Kharif,2025,83,95,67,68,60,74.6,Sunflower,Medium,15
AP_ANP_00080,Rabi,2025,58,96,44,42,98,67.6,Foxtail Millet,Medium,47
AP_ANP_00080,Summer,2025,54,73,74,88,64,70.6,Bengal Gram,Medium,53
AP_ANP_00081,Kharif,2025,55,66,47,99,85,70.4,Foxtail Millet,High,17
AP_ANP_00081,Rabi,2025,54,66,85,89,91,77.0,Red Gram,High,53
AP_ANP_00081,Summer,2025,92,63,99,97,42,78.6,Bengal Gram,High,34
AP_ANP_00082,Kharif,2025,69,53,46,56,83,61.4,Bengal Gram,Medium,47
AP_ANP_00082,Rabi,2025,87,96,99,61,93,87.2,Sunflower,Medium,33
AP_ANP_00082,Summer,2025,47,50,52,56,47,50.4,Sunflower,Low,27
AP_ANP_00083,Kharif,2025,85,86,70,77,71,77.8,Red Gram,Medium,42
AP_ANP_00083,Rabi,2025,99,77,80,47,50,70.6,Red Gram,Low,26
AP_ANP_00083,Summer,2025,51,96,85,71,54,71.4,Bengal Gram,High,19
AP_ANP_00084,Kharif,2025,79,71,89,99,72,82.0,Pearl Millet,Medium,50
AP_ANP_00084,Rabi,2025,52,69,72,52,91,67.2,Pearl Millet,Medium,11
AP_ANP_00084,Summer,2025,77,78,65,85,97,80.4,Pearl Millet,High,51
AP_ANP_00085,Kharif,2025,94,83,88,79,50,78.8,Sunflower,High,15
AP_ANP_00085,Rabi,2025,48,45,48,78,70,57.8,Foxtail Millet,High,17
AP_ANP_00085,Summer,2025,47,89,67,59,86,69.6,Red Gram,Medium,20
AP_ANP_00086,Kharif,2025,59,55,43,45,97,59.8,Pearl Millet,Medium,50
AP_ANP_00086,Rabi,2025,99,81,53,50,57,68.0,Bengal Gram,Low,22
AP_ANP_00086,Summer,2025,64,84,90,97,58,78.6,Bengal Gram,High,38
AP_ANP_00087,Kharif,2025,94,92,94,71,90,88.2,Bengal Gram,Medium,27
AP_ANP_00087,Rabi,2025,58,61,76,71,95,72.2,Foxtail Millet,Medium,37
AP_ANP_00087,Summer,2025,49,90,74,68,93,74.8,Foxtail Millet,High,58
AP_ANP_00088,Kharif,2025,69,60,70,97,63,71.8,Bengal Gram,Medium,37
AP_ANP_00088,Rabi,2025,83,59,99,63,89,78.6,Foxtail Millet,Medium,50
AP_ANP_00088,Summer,2025,75,97,92,73,75,82.4,Pearl Millet,Medium,45
AP_ANP_00089,Kharif,2025,45,78,81,90,90,76.8,Pearl Millet,High,21
AP_ANP_00089,Rabi,2025,42,84,57,79,60,64.4,Foxtail Millet,Low,17
AP_ANP_00089,Summer,2025,75,87,69,62,81,74.8,Bengal Gram,Medium,11
AP_ANP_00090,Kharif,2025,94,76,44,77,84,75.0,Foxtail Millet,Low,56
AP_ANP_00090,Rabi,2025,53,95,78,64,59,69.8,Pearl Millet,Low,26
AP_ANP_00090,Summer,2025,98,64,96,67,41,73.2,Red Gram,Medium,10
AP_ANP_00091,Kharif,2025,79,51,95,75,84,76.8,Red Gram,High,23
AP_ANP_00091,Rabi,2025,55,49,68,49,51,54.4,Foxtail Millet,Medium,29
AP_ANP_00091,Summer,2025,47,82,51,40,96,63.2,Bengal Gram,Medium,52
AP_ANP_00092,Kharif,2025,76,86,76,51,76,73.0,Foxtail Millet,High,53
AP_ANP_00092,Rabi,2025,95,67,86,54,45,69.4,Bengal Gram,Medium,29
AP_ANP_00092,Summer,2025,89,53,41,48,76,61.4,Bengal Gram,Low,10
AP_ANP_00093,Kharif,2025,94,74,45,76,92,76.2,Red Gram,Medium,58
AP_ANP_00093,Rabi,2025,90,53,51,81,59,66.8,Sunflower,Medium,52
AP_ANP_00093,Summer,2025,73,64,89,68,96,78.0,Red Gram,Medium,53
AP_ANP_00094,Kharif,2025,77,59,62,84,91,74.6,Pearl Millet,Low,17
AP_ANP_00094,Rabi,2025,89,60,40,94,47,66.0,Sunflower,Medium,14
AP_ANP_00094,Summer,2025,86,61,86,73,40,69.2,Pearl Millet,Medium,39
AP_ANP_00095,Kharif,2025,89,57,56,65,47,62.8,Foxtail Millet,Low,17
AP_ANP_00095,Rabi,2025,64,85,43,72,40,60.8,Red Gram,High,23
AP_ANP_00095,Summer,2025,92,87,44,80,65,73.6,Bengal Gram,Low,15
AP_ANP_00096,Kharif,2025,48,72,80,64,87,70.2,Sunflower,High,22
AP_ANP_00096,Rabi,2025,70,80,50,43,73,63.2,Sunflower,High,13
AP_ANP_00096,Summer,2025,77,58,45,73,57,62.0,Sunflower,High,28
AP_ANP_00097,Kharif,2025,84,50,40,63,93,66.0,Foxtail Millet,Medium,10
AP_ANP_00097,Rabi,2025,51,97,46,54,60,61.6,Red Gram,Medium,34
AP_ANP_00097,Summer,2025,72,88,71,88,74,78.6,Bengal Gram,Low,20
AP_ANP_00098,Kharif,2025,74,47,85,53,49,61.6,Pearl Millet,Medium,12
AP_ANP_00098,Rabi,2025,60,65,47,87,41,60.0,Bengal Gram,Low,35
AP_ANP_00098,Summer,2025,64,51,44,73,87,63.8,Sunflower,Low,45
AP_ANP_00099,Kharif,2025,54,82,87,62,45,66.0,Pearl Millet,High,52
AP_ANP_00099,Rabi,2025,84,60,62,82,94,76.4,Sunflower,High,34
AP_ANP_00099,Summer,2025,75,50,90,54,43,62.4,Sunflower,Medium,28
AP_ANP_00100,Kharif,2025,73,53,43,87,92,69.6,Bengal Gram,Medium,38
AP_ANP_00100,Rabi,2025,86,67,74,47,55,65.8,Pearl Millet,Medium,27
AP_ANP_00100,Summer,2025,41,88,52,43,65,57.8,Foxtail Millet,Medium,16
AP_ANP_00101,Kharif,2025,70,83,49,78,52,66.4,Foxtail Millet,Medium,51
AP_ANP_00101,Rabi,2025,95,75,59,43,93,73.0,Foxtail Millet,Medium,54
AP_ANP_00101,Summer,2025,81,86,98,52,94,82.2,Sunflower,High,18
AP_ANP_00102,Kharif,2025,65,48,54,49,63,55.8,Pearl Millet,Medium,51
AP_ANP_00102,Rabi,2025,47,63,55,88,65,63.6,Red Gram,High,59
AP_ANP_00102,Summer,2025,63,58,75,99,78,74.6,Pearl Millet,High,28
AP_ANP_00103,Kharif,2025,75,49,72,94,89,75.8,Sunflower,Low,44
AP_ANP_00103,Rabi,2025,83,73,72,94,60,76.4,Foxtail Millet,Low,46
AP_ANP_00103,Summer,2025,54,74,67,46,71,62.4,Red Gram,Low,23
AP_ANP_00104,Kharif,2025,52,96,64,41,74,65.4,Sunflower,Medium,51
AP_ANP_00104,Rabi,2025,93,78,80,88,50,77.8,Bengal Gram,High,13
AP_ANP_00104,Summer,2025,65,77,81,71,78,74.4,Sunflower,Low,49
AP_ANP_00105,Kharif,2025,76,72,75,42,48,62.6,Foxtail Millet,Low,50
AP_ANP_00105,Rabi,2025,78,43,52,88,99,72.0,Pearl Millet,Medium,53
AP_ANP_00105,Summer,2025,66,71,60,47,77,64.2,Pearl Millet,Medium,53
AP_ANP_00106,Kharif,2025,97,42,61,45,41,57.2,Bengal Gram,Medium,26
AP_ANP_00106,Rabi,2025,74,73,62,69,91,73.8,Bengal Gram,Low,14
AP_ANP_00106,Summer,2025,52,68,70,86,96,74.4,Pearl Millet,Low,25
AP_ANP_00107,Kharif,2025,51,56,55,51,47,52.0,Bengal Gram,Medium,39
AP_ANP_00107,Rabi,2025,84,62,67,90,79,76.4,Sunflower,High,53
AP_ANP_00107,Summer,2025,40,96,69,60,59,64.8,Pearl Millet,High,41
AP_ANP_00108,Kharif,2025,72,92,55,51,77,69.4,Bengal Gram,High,23
AP_ANP_00108,Rabi,2025,75,72,62,89,84,76.4,Pearl Millet,Medium,11
AP_ANP_00108,Summer,2025,66,96,48,40,50,60.0,Red Gram,Medium,32
AP_ANP_00109,Kharif,2025,65,43,57,94,45,60.8,Red Gram,High,24
AP_ANP_00109,Rabi,2025,61,99,76,91,81,81.6,Bengal Gram,High,51
AP_ANP_00109,Summer,2025,77,57,84,74,69,72.2,Pearl Millet,High,15
AP_ANP_00110,Kharif,2025,42,55,46,91,53,57.4,Foxtail Millet,Medium,44
AP_ANP_00110,Rabi,2025,41,66,41,74,57,55.8,Bengal Gram,Medium,19
AP_ANP_00110,Summer,2025,64,41,64,93,72,66.8,Bengal Gram,Medium,10
AP_ANP_00111,Kharif,2025,85,55,93,85,91,81.8,Red Gram,High,15
AP_ANP_00111,Rabi,2025,64,52,92,73,47,65.6,Sunflower,Low,34
AP_ANP_00111,Summer,2025,54,43,84,99,51,66.2,Bengal Gram,Medium,23
AP_ANP_00112,Kharif,2025,59,57,68,99,45,65.6,Sunflower,Low,11
AP_ANP_00112,Rabi,2025,99,62,58,70,90,75.8,Sunflower,High,19
AP_ANP_00112,Summer,2025,64,41,50,89,70,62.8,Foxtail Millet,Medium,18
AP_ANP_00113,Kharif,2025,74,60,48,67,85,66.8,Red Gram,Low,25
AP_ANP_00113,Rabi,2025,99,72,43,43,78,67.0,Foxtail Millet,Low,38
AP_ANP_00113,Summer,2025,91,75,99,77,78,84.0,Pearl Millet,Low,44
AP_ANP_00114,Kharif,2025,46,66,67,61,53,58.6,Sunflower,Medium,14
AP_ANP_00114,Rabi,2025,94,41,66,60,93,70.8,Sunflower,High,48
AP_ANP_00114,Summer,2025,44,40,52,60,65,52.2,Pearl Millet,Medium,27
AP_ANP_00115,Kharif,2025,76,84,71,75,56,72.4,Red Gram,Medium,20
AP_ANP_00115,Rabi,2025,60,91,94,92,65,80.4,Bengal Gram,High,57
AP_ANP_00115,Summer,2025,99,57,79,74,80,77.8,Sunflower,Medium,47
AP_ANP_00116,Kharif,2025,81,60,81,52,88,72.4,Foxtail Millet,Low,18
AP_ANP_00116,Rabi,2025,80,40,41,99,87,69.4,Sunflower,Medium,59
AP_ANP_00116,Summer,2025,97,99,79,60,67,80.4,Red Gram,Medium,17
AP_ANP_00117,Kharif,2025,98,61,47,88,54,69.6,Foxtail Millet,Low,33
AP_ANP_00117,Rabi,2025,84,58,44,71,83,68.0,Foxtail Millet,Medium,17
AP_ANP_00117,Summer,2025,52,47,96,62,82,67.8,Foxtail Millet,Low,33
AP_ANP_00118,Kharif,2025,74,63,56,44,59,59.2,Sunflower,Medium,40
AP_ANP_00118,Rabi,2025,85,75,50,91,54,71.0,Red Gram,Medium,37
AP_ANP_00118,Summer,2025,90,82,97,44,44,71.4,Pearl Millet,Low,41
AP_ANP_00119,Kharif,2025,87,67,56,70,47,65.4,Foxtail Millet,High,24
AP_ANP_00119,Rabi,2025,89,42,88,75,43,67.4,Foxtail Millet,Medium,59
AP_ANP_00119,Summer,2025,49,60,75,51,66,60.2,Pearl Millet,Medium,41
AP_ANP_00120,Kharif,2025,70,55,71,71,99,73.2,Pearl Millet,Low,24
AP_ANP_00120,Rabi,2025,56,79,57,94,48,66.8,Foxtail Millet,Medium,23
AP_ANP_00120,Summer,2025,99,97,64,89,61,82.0,Bengal Gram,Low,30
AP_ANP_00121,Kharif,2025,83,71,90,85,88,83.4,Sunflower,Medium,41
AP_ANP_00121,Rabi,2025,69,94,78,88,51,76.0,Foxtail Millet,Medium,30
AP_ANP_00121,Summer,2025,52,60,47,85,79,64.6,Bengal Gram,Low,31
AP_ANP_00122,Kharif,2025,61,82,64,61,67,67.0,Sunflower,High,11
AP_ANP_00122,Rabi,2025,68,60,54,91,66,67.8,Pearl Millet,Low,60
AP_ANP_00122,Summer,2025,62,63,83,52,61,64.2,Red Gram,High,42
AP_ANP_00123,Kharif,2025,95,42,93,58,62,70.0,Sunflower,Low,53
AP_ANP_00123,Rabi,2025,86,64,76,86,47,71.8,Pearl Millet,Medium,17
AP_ANP_00123,Summer,2025,40,83,44,42,40,49.8,Bengal Gram,Low,41
AP_ANP_00124,Kharif,2025,81,73,82,64,49,69.8,Sunflower,High,48
AP_ANP_00124,Rabi,2025,66,66,41,80,87,68.0,Sunflower,Medium,45
AP_ANP_00124,Summer,2025,61,81,65,97,93,79.4,Bengal Gram,High,23
AP_ANP_00125,Kharif,2025,96,73,92,96,59,83.2,Red Gram,High,40
AP_ANP_00125,Rabi,2025,94,45,95,58,76,73.6,Pearl Millet,Medium,13
AP_ANP_00125,Summer,2025,59,49,63,93,74,67.6,Pearl Millet,Medium,30
AP_ANP_00126,Kharif,2025,93,79,78,60,49,71.8,Bengal Gram,Low,54
AP_ANP_00126,Rabi,2025,59,56,94,46,43,59.6,Sunflower,Medium,33
AP_ANP_00126,Summer,2025,76,55,97,94,91,82.6,Bengal Gram,Low,33
AP_ANP_00127,Kharif,2025,73,69,57,58,70,65.4,Bengal Gram,High,58
AP_ANP_00127,Rabi,2025,85,58,61,63,84,70.2,Bengal Gram,High,47
AP_ANP_00127,Summer,2025,92,70,75,58,87,76.4,Sunflower,Low,58
AP_ANP_00128,Kharif,2025,94,72,57,91,88,80.4,Red Gram,High,56
AP_ANP_00128,Rabi,2025,50,96,99,93,84,84.4,Foxtail Millet,Medium,13
AP_ANP_00128,Summer,2025,59,87,86,66,54,70.4,Bengal Gram,Medium,18
AP_ANP_00129,Kharif,2025,65,55,44,96,91,70.2,Sunflower,High,12
AP_ANP_00129,Rabi,2025,52,82,88,69,93,76.8,Sunflower,Medium,54
AP_ANP_00129,Summer,2025,90,92,58,81,74,79.0,Pearl Millet,High,38
AP_ANP_00130,Kharif,2025,76,59,88,60,49,66.4,Sunflower,High,35
AP_ANP_00130,Rabi,2025,43,78,78,89,74,72.4,Foxtail Millet,High,45
AP_ANP_00130,Summer,2025,45,80,93,85,99,80.4,Bengal Gram,Low,40
AP_ANP_00131,Kharif,2025,59,63,64,75,60,64.2,Bengal Gram,Low,31
AP_ANP_00131,Rabi,2025,67,46,74,94,67,69.6,Pearl Millet,Medium,40
AP_ANP_00131,Summer,2025,81,64,52,45,83,65.0,Foxtail Millet,Medium,52
AP_ANP_00132,Kharif,2025,59,57,97,82,96,78.2,Sunflower,Medium,42
AP_ANP_00132,Rabi,2025,66,46,45,54,57,53.6,Red Gram,High,24
AP_ANP_00132,Summer,2025,87,46,60,81,65,67.8,Bengal Gram,High,23
AP_ANP_00133,Kharif,2025,96,76,97,60,57,77.2,Sunflower,Medium,35
AP_ANP_00133,Rabi,2025,76,63,88,58,90,75.0,Foxtail Millet,High,21
AP_ANP_00133,Summer,2025,96,80,72,89,92,85.8,Bengal Gram,Medium,16
AP_ANP_00134,Kharif,2025,61,94,72,56,63,69.2,Sunflower,Low,37
AP_ANP_00134,Rabi,2025,97,82,80,78,61,79.6,Foxtail Millet,Medium,15
AP_ANP_00134,Summer,2025,85,45,73,40,49,58.4,Sunflower,Low,31
AP_ANP_00135,Kharif,2025,87,96,41,49,73,69.2,Red Gram,Medium,31
AP_ANP_00135,Rabi,2025,51,63,86,79,77,71.2,Bengal Gram,Medium,44
AP_ANP_00135,Summer,2025,90,88,71,46,60,71.0,Bengal Gram,Medium,13
AP_ANP_00136,Kharif,2025,85,91,61,54,95,77.2,Sunflower,Medium,37
AP_ANP_00136,Rabi,2025,53,66,80,79,97,75.0,Bengal Gram,High,11
AP_ANP_00136,Summer,2025,64,95,42,47,83,66.2,Foxtail Millet,Medium,44
AP_ANP_00137,Kharif,2025,45,78,91,62,64,68.0,Red Gram,Medium,28
AP_ANP_00137,Rabi,2025,44,90,50,95,51,66.0,Pearl Millet,Low,37
AP_ANP_00137,Summer,2025,80,75,76,60,47,67.6,Foxtail Millet,Medium,57
AP_ANP_00138,Kharif,2025,85,79,57,81,99,80.2,Bengal Gram,Medium,11
AP_ANP_00138,Rabi,2025,46,55,42,84,42,53.8,Red Gram,Medium,49
AP_ANP_00138,Summer,2025,77,72,67,40,94,70.0,Sunflower,High,57
AP_ANP_00139,Kharif,2025,82,76,43,69,45,63.0,Red Gram,High,21
AP_ANP_00139,Rabi,2025,50,85,94,55,40,64.8,Sunflower,High,30
AP_ANP_00139,Summer,2025,69,52,73,43,67,60.8,Pearl Millet,Medium,36
AP_ANP_00140,Kharif,2025,44,64,42,72,43,53.0,Foxtail Millet,High,35
AP_ANP_00140,Rabi,2025,44,74,67,68,48,60.2,Bengal Gram,High,15
AP_ANP_00140,Summer,2025,58,99,83,96,50,77.2,Pearl Millet,High,53
AP_ANP_00141,Kharif,2025,48,60,63,73,61,61.0,Red Gram,High,39
AP_ANP_00141,Rabi,2025,65,87,60,67,95,74.8,Pearl Millet,Low,30
AP_ANP_00141,Summer,2025,74,91,73,80,90,81.6,Pearl Millet,High,32
AP_ANP_00142,Kharif,2025,87,61,56,44,83,66.2,Red Gram,High,36
AP_ANP_00142,Rabi,2025,74,72,59,55,73,66.6,Pearl Millet,Medium,37
AP_ANP_00142,Summer,2025,86,78,45,48,59,63.2,Bengal Gram,High,32
AP_ANP_00143,Kharif,2025,42,43,97,64,86,66.4,Sunflower,Low,55
AP_ANP_00143,Rabi,2025,91,53,75,51,56,65.2,Foxtail Millet,High,22
AP_ANP_00143,Summer,2025,54,57,90,72,45,63.6,Red Gram,Low,36
AP_ANP_00144,Kharif,2025,73,95,85,77,53,76.6,Bengal Gram,Medium,44
AP_ANP_00144,Rabi,2025,58,69,53,98,59,67.4,Foxtail Millet,Low,33
AP_ANP_00144,Summer,2025,53,65,77,62,61,63.6,Foxtail Millet,Medium,60
AP_ANP_00145,Kharif,2025,42,81,58,48,67,59.2,Bengal Gram,High,23
AP_ANP_00145,Rabi,2025,48,98,99,94,96,87.0,Bengal Gram,Medium,23
AP_ANP_00145,Summer,2025,95,77,92,75,79,83.6,Foxtail Millet,Low,42
AP_ANP_00146,Kharif,2025,95,91,64,53,50,70.6,Sunflower,Medium,23
AP_ANP_00146,Rabi,2025,69,80,43,98,43,66.6,Bengal Gram,High,50
AP_ANP_00146,Summer,2025,85,61,80,95,94,83.0,Sunflower,High,57
AP_ANP_00147,Kharif,2025,69,51,74,50,85,65.8,Pearl Millet,Medium,30
AP_ANP_00147,Rabi,2025,44,87,59,76,42,61.6,Bengal Gram,Low,18
AP_ANP_00147,Summer,2025,48,43,74,56,73,58.8,Foxtail Millet,Low,32
AP_ANP_00148,Kharif,2025,86,79,51,93,51,72.0,Foxtail Millet,Medium,38
AP_ANP_00148,Rabi,2025,61,79,60,90,77,73.4,Bengal Gram,High,60
AP_ANP_00148,Summer,2025,43,94,46,67,67,63.4,Bengal Gram,Medium,54
AP_ANP_00149,Kharif,2025,42,61,83,41,63,58.0,Pearl Millet,Medium,50
AP_ANP_00149,Rabi,2025,40,47,62,77,45,54.2,Foxtail Millet,Low,21
AP_ANP_00149,Summer,2025,45,65,66,47,58,56.2,Bengal Gram,Medium,38
AP_ANP_00150,Kharif,2025,84,88,74,79,53,75.6,Red Gram,Medium,29
AP_ANP_00150,Rabi,2025,95,88,52,77,88,80.0,Foxtail Millet,Low,52
AP_ANP_00150,Summer,2025,59,99,72,65,78,74.6,Sunflower,Medium,51
AP_ANP_00151,Kharif,2025,82,93,80,48,63,73.2,Sunflower,Medium,26
AP_ANP_00151,Rabi,2025,63,60,90,98,78,77.8,Foxtail Millet,Low,20
AP_ANP_00151,Summer,2025,85,58,50,52,85,66.0,Sunflower,Medium,53
AP_ANP_00152,Kharif,2025,58,51,47,47,92,59.0,Sunflower,Medium,57
AP_ANP_00152,Rabi,2025,72,84,65,78,67,73.2,Pearl Millet,High,34
AP_ANP_00152,Summer,2025,66,85,62,69,84,73.2,Foxtail Millet,Medium,27
AP_ANP_00153,Kharif,2025,57,41,43,69,72,56.4,Bengal Gram,Medium,28
AP_ANP_00153,Rabi,2025,86,67,79,59,88,75.8,Foxtail Millet,Medium,60
AP_ANP_00153,Summer,2025,54,80,78,41,68,64.2,Foxtail Millet,Medium,60
AP_ANP_00154,Kharif,2025,50,52,49,53,57,52.2,Red Gram,High,48
AP_ANP_00154,Rabi,2025,67,42,59,45,66,55.8,Sunflower,High,47
AP_ANP_00154,Summer,2025,42,55,69,79,41,57.2,Foxtail Millet,Medium,21
AP_ANP_00155,Kharif,2025,74,82,40,94,84,74.8,Pearl Millet,High,58
AP_ANP_00155,Rabi,2025,70,64,62,63,96,71.0,Bengal Gram,Medium,52
AP_ANP_00155,Summer,2025,57,75,74,84,94,76.8,Foxtail Millet,Medium,39
AP_ANP_00156,Kharif,2025,99,83,73,71,42,73.6,Red Gram,High,24
AP_ANP_00156,Rabi,2025,80,62,79,50,87,71.6,Pearl Millet,Medium,45
AP_ANP_00156,Summer,2025,99,72,63,78,73,77.0,Bengal Gram,Medium,13
AP_ANP_00157,Kharif,2025,76,95,40,40,86,67.4,Bengal Gram,Medium,19
AP_ANP_00157,Rabi,2025,99,57,67,74,82,75.8,Red Gram,Medium,58
AP_ANP_00157,Summer,2025,88,77,44,47,73,65.8,Bengal Gram,Medium,47
AP_ANP_00158,Kharif,2025,40,70,43,88,84,65.0,Pearl Millet,Medium,33
AP_ANP_00158,Rabi,2025,98,42,50,84,43,63.4,Pearl Millet,Low,52
AP_ANP_00158,Summer,2025,66,81,90,89,45,74.2,Red Gram,Low,39
AP_ANP_00159,Kharif,2025,81,76,97,76,81,82.2,Bengal Gram,Medium,32
AP_ANP_00159,Rabi,2025,45,43,57,99,48,58.4,Foxtail Millet,Low,56
AP_ANP_00159,Summer,2025,91,56,84,71,87,77.8,Bengal Gram,High,50
AP_ANP_00160,Kharif,2025,88,52,73,84,61,71.6,Sunflower,High,60
AP_ANP_00160,Rabi,2025,42,81,73,71,84,70.2,Red Gram,Low,30
AP_ANP_00160,Summer,2025,85,83,60,83,50,72.2,Bengal Gram,Medium,37
AP_ANP_00161,Kharif,2025,63,74,52,86,73,69.6,Red Gram,Low,26
AP_ANP_00161,Rabi,2025,74,99,57,79,61,74.0,Foxtail Millet,High,28
AP_ANP_00161,Summer,2025,76,78,60,47,67,65.6,Sunflower,Medium,45
AP_ANP_00162,Kharif,2025,93,58,66,92,73,76.4,Red Gram,Medium,56
AP_ANP_00162,Rabi,2025,51,93,60,93,50,69.4,Bengal Gram,Low,29
AP_ANP_00162,Summer,2025,80,85,97,51,45,71.6,Foxtail Millet,High,35
AP_ANP_00163,Kharif,2025,87,83,83,91,71,83.0,Pearl Millet,Medium,20
AP_ANP_00163,Rabi,2025,72,63,62,54,66,63.4,Red Gram,High,60
AP_ANP_00163,Summer,2025,89,56,90,92,53,76.0,Red Gram,Medium,60
AP_ANP_00164,Kharif,2025,86,86,43,46,84,69.0,Red Gram,Low,18
AP_ANP_00164,Rabi,2025,47,91,84,56,56,66.8,Foxtail Millet,Medium,17
AP_ANP_00164,Summer,2025,58,77,42,98,44,63.8,Sunflower,High,40
AP_ANP_00165,Kharif,2025,94,55,89,71,61,74.0,Sunflower,Low,12
AP_ANP_00165,Rabi,2025,93,49,81,60,55,67.6,Bengal Gram,High,33
AP_ANP_00165,Summer,2025,74,95,69,96,69,80.6,Red Gram,High,17
AP_ANP_00166,Kharif,2025,65,88,79,46,69,69.4,Red Gram,High,34
AP_ANP_00166,Rabi,2025,76,40,54,76,52,59.6,Sunflower,High,18
AP_ANP_00166,Summer,2025,40,75,74,41,79,61.8,Foxtail Millet,High,23
AP_ANP_00167,Kharif,2025,43,69,70,77,50,61.8,Red Gram,Medium,23
AP_ANP_00167,Rabi,2025,99,52,84,71,73,75.8,Sunflower,High,47
AP_ANP_00167,Summer,2025,55,41,79,56,94,65.0,Pearl Millet,High,25
AP_ANP_00168,Kharif,2025,77,99,41,41,65,64.6,Sunflower,Medium,40
AP_ANP_00168,Rabi,2025,99,73,78,42,47,67.8,Red Gram,Low,48
AP_ANP_00168,Summer,2025,92,78,40,56,80,69.2,Sunflower,Low,28
AP_ANP_00169,Kharif,2025,92,58,96,64,61,74.2,Foxtail Millet,High,41
AP_ANP_00169,Rabi,2025,49,49,75,47,93,62.6,Bengal Gram,Medium,59
AP_ANP_00169,Summer,2025,53,89,67,85,91,77.0,Sunflower,High,31
AP_ANP_00170,Kharif,2025,69,43,52,98,62,64.8,Pearl Millet,Medium,40
AP_ANP_00170,Rabi,2025,53,73,57,95,73,70.2,Red Gram,Medium,58
AP_ANP_00170,Summer,2025,54,96,70,88,97,81.0,Sunflower,Low,41
AP_ANP_00171,Kharif,2025,61,77,56,62,63,63.8,Pearl Millet,Medium,15
AP_ANP_00171,Rabi,2025,44,83,96,68,67,71.6,Red Gram,High,52
AP_ANP_00171,Summer,2025,58,48,66,73,83,65.6,Bengal Gram,High,24
AP_ANP_00172,Kharif,2025,90,52,58,88,45,66.6,Bengal Gram,Medium,26
AP_ANP_00172,Rabi,2025,97,62,65,68,72,72.8,Bengal Gram,Medium,19
AP_ANP_00172,Summer,2025,86,62,60,60,82,70.0,Sunflower,Low,33
AP_ANP_00173,Kharif,2025,83,50,56,43,86,63.6,Foxtail Millet,Medium,30
AP_ANP_00173,Rabi,2025,59,58,58,51,76,60.4,Pearl Millet,Low,57
AP_ANP_00173,Summer,2025,78,67,80,74,86,77.0,Pearl Millet,Medium,44
AP_ANP_00174,Kharif,2025,83,80,99,46,80,77.6,Sunflower,Medium,22
AP_ANP_00174,Rabi,2025,75,70,41,55,48,57.8,Foxtail Millet,High,31
AP_ANP_00174,Summer,2025,72,75,84,62,84,75.4,Sunflower,Medium,33
AP_ANP_00175,Kharif,2025,47,46,75,57,42,53.4,Bengal Gram,High,53
AP_ANP_00175,Rabi,2025,60,67,79,93,93,78.4,Foxtail Millet,High,52
AP_ANP_00175,Summer,2025,74,52,96,88,93,80.6,Pearl Millet,Medium,56
AP_ANP_00176,Kharif,2025,92,49,85,52,76,70.8,Pearl Millet,Low,45
AP_ANP_00176,Rabi,2025,53,49,74,64,42,56.4,Foxtail Millet,High,33
AP_ANP_00176,Summer,2025,68,82,64,75,97,77.2,Bengal Gram,Medium,10
AP_ANP_00177,Kharif,2025,59,94,67,55,86,72.2,Foxtail Millet,Medium,21
AP_ANP_00177,Rabi,2025,66,93,92,81,98,86.0,Foxtail Millet,Low,15
AP_ANP_00177,Summer,2025,46,71,71,92,64,68.8,Foxtail Millet,High,16
AP_ANP_00178,Kharif,2025,91,96,51,55,55,69.6,Red Gram,Medium,22
AP_ANP_00178,Rabi,2025,46,75,86,90,48,69.0,Red Gram,High,32
AP_ANP_00178,Summer,2025,64,95,47,84,61,70.2,Red Gram,Medium,12
AP_ANP_00179,Kharif,2025,68,80,68,73,73,72.4,Bengal Gram,Medium,32
AP_ANP_00179,Rabi,2025,83,65,43,65,79,67.0,Foxtail Millet,Low,41
AP_ANP_00179,Summer,2025,59,89,50,54,71,64.6,Bengal Gram,High,26
AP_ANP_00180,Kharif,2025,98,65,83,46,81,74.6,Foxtail Millet,Medium,19
AP_ANP_00180,Rabi,2025,98,84,58,50,52,68.4,Sunflower,Medium,13
AP_ANP_00180,Summer,2025,86,70,67,50,82,71.0,Foxtail Millet,Medium,47
AP_ANP_00181,Kharif,2025,63,93,99,96,86,87.4,Foxtail Millet,Medium,35
AP_ANP_00181,Rabi,2025,88,89,44,59,91,74.2,Foxtail Millet,Medium,42
AP_ANP_00181,Summer,2025,89,77,66,73,54,71.8,Sunflower,High,55
AP_ANP_00182,Kharif,2025,44,45,77,61,57,56.8,Pearl Millet,Low,40
AP_ANP_00182,Rabi,2025,69,42,69,45,68,58.6,Bengal Gram,High,53
AP_ANP_00182,Summer,2025,72,56,87,50,52,63.4,Pearl Millet,High,37
AP_ANP_00183,Kharif,2025,83,45,80,55,43,61.2,Red Gram,Medium,35
AP_ANP_00183,Rabi,2025,96,51,50,76,64,67.4,Pearl Millet,Medium,47
AP_ANP_00183,Summer,2025,93,57,65,45,43,60.6,Bengal Gram,High,43
AP_ANP_00184,Kharif,2025,56,82,82,92,55,73.4,Pearl Millet,High,17
AP_ANP_00184,Rabi,2025,52,81,47,69,71,64.0,Bengal Gram,Low,10
AP_ANP_00184,Summer,2025,82,78,56,98,59,74.6,Pearl Millet,High,31
AP_ANP_00185,Kharif,2025,83,48,76,49,75,66.2,Sunflower,Medium,37
AP_ANP_00185,Rabi,2025,81,82,60,63,81,73.4,Bengal Gram,Low,17
AP_ANP_00185,Summer,2025,87,66,61,76,66,71.2,Foxtail Millet,Medium,53
AP_ANP_00186,Kharif,2025,52,84,49,75,48,61.6,Red Gram,High,10
AP_ANP_00186,Rabi,2025,71,64,68,46,88,67.4,Red Gram,Medium,39
AP_ANP_00186,Summer,2025,74,74,88,78,66,76.0,Pearl Millet,Medium,27
AP_ANP_00187,Kharif,2025,84,91,68,59,92,78.8,Red Gram,Medium,10
AP_ANP_00187,Rabi,2025,89,40,97,65,84,75.0,Bengal Gram,Low,19
AP_ANP_00187,Summer,2025,98,50,80,80,44,70.4,Pearl Millet,High,31
AP_ANP_00188,Kharif,2025,73,95,84,80,68,80.0,Bengal Gram,Medium,20
AP_ANP_00188,Rabi,2025,95,90,60,74,51,74.0,Pearl Millet,High,54
AP_ANP_00188,Summer,2025,99,46,86,94,46,74.2,Pearl Millet,High,30
AP_ANP_00189,Kharif,2025,53,43,62,81,59,59.6,Pearl Millet,Low,38
AP_ANP_00189,Rabi,2025,47,80,87,58,87,71.8,Bengal Gram,Medium,36
AP_ANP_00189,Summer,2025,43,97,54,74,76,68.8,Foxtail Millet,Medium,33
AP_ANP_00190,Kharif,2025,66,79,75,73,68,72.2,Pearl Millet,High,43
AP_ANP_00190,Rabi,2025,96,88,62,92,95,86.6,Bengal Gram,Medium,14
AP_ANP_00190,Summer,2025,70,92,80,96,96,86.8,Bengal Gram,Medium,46
AP_ANP_00191,Kharif,2025,96,49,79,46,78,69.6,Sunflower,Medium,12
AP_ANP_00191,Rabi,2025,90,61,86,43,67,69.4,Bengal Gram,Low,45
AP_ANP_00191,Summer,2025,86,80,44,52,62,64.8,Pearl Millet,Medium,46
AP_ANP_00192,Kharif,2025,64,87,66,90,53,72.0,Foxtail Millet,Medium,56
AP_ANP_00192,Rabi,2025,93,75,78,55,95,79.2,Sunflower,Medium,17
AP_ANP_00192,Summer,2025,88,55,98,94,70,81.0,Pearl Millet,High,43
AP_ANP_00193,Kharif,2025,48,56,50,71,49,54.8,Foxtail Millet,Medium,57
AP_ANP_00193,Rabi,2025,91,86,64,98,60,79.8,Sunflower,Low,10
AP_ANP_00193,Summer,2025,64,90,75,56,80,73.0,Pearl Millet,Medium,41
AP_ANP_00194,Kharif,2025,78,98,45,40,86,69.4,Pearl Millet,High,26
AP_ANP_00194,Rabi,2025,73,98,80,68,48,73.4,Sunflower,Low,29
AP_ANP_00194,Summer,2025,91,92,42,56,88,73.8,Bengal Gram,Medium,54
AP_ANP_00195,Kharif,2025,94,40,56,42,65,59.4,Bengal Gram,High,13
AP_ANP_00195,Rabi,2025,57,88,58,82,91,75.2,Red Gram,Low,42
AP_ANP_00195,Summer,2025,53,73,94,43,63,65.2,Red Gram,Medium,15
AP_ANP_00196,Kharif,2025,96,72,88,79,58,78.6,Sunflower,Medium,36
AP_ANP_00196,Rabi,2025,55,45,79,52,87,63.6,Red Gram,High,25
AP_ANP_00196,Summer,2025,98,82,49,64,59,70.4,Bengal Gram,Medium,11
AP_ANP_00197,Kharif,2025,95,61,90,96,76,83.6,Red Gram,High,28
AP_ANP_00197,Rabi,2025,90,57,91,55,47,68.0,Bengal Gram,Low,21
AP_ANP_00197,Summer,2025,92,50,44,66,51,60.6,Foxtail Millet,High,14
AP_ANP_00198,Kharif,2025,96,67,53,44,93,70.6,Red Gram,Medium,59
AP_ANP_00198,Rabi,2025,87,80,58,61,44,66.0,Red Gram,Low,56
AP_ANP_00198,Summer,2025,78,43,72,52,59,60.8,Red Gram,High,38
AP_ANP_00199,Kharif,2025,95,59,68,63,57,68.4,Pearl Millet,High,17
AP_ANP_00199,Rabi,2025,65,68,49,56,41,55.8,Pearl Millet,Low,50
AP_ANP_00199,Summer,2025,44,57,65,59,80,61.0,Foxtail Millet,Medium,21
AP_ANP_00200,Kharif,2025,46,98,42,49,73,61.6,Foxtail Millet,High,11
AP_ANP_00200,Rabi,2025,99,63,49,77,61,69.8,Pearl Millet,Medium,48
AP_ANP_00200,Summer,2025,66,68,86,77,59,71.2,Red Gram,Medium,29
AP_ANP_00201,Kharif,2025,83,58,59,74,86,72.0,Pearl Millet,Medium,43
AP_ANP_00201,Rabi,2025,61,42,45,54,66,53.6,Pearl Millet,Medium,41
AP_ANP_00201,Summer,2025,87,45,80,98,75,77.0,Red Gram,Medium,38
AP_ANP_00202,Kharif,2025,43,40,58,65,64,54.0,Pearl Millet,Medium,31
AP_ANP_00202,Rabi,2025,90,87,60,98,95,86.0,Bengal Gram,High,34
AP_ANP_00202,Summer,2025,84,67,40,88,84,72.6,Bengal Gram,High,18
AP_ANP_00203,Kharif,2025,75,58,40,49,75,59.4,Foxtail Millet,High,51
AP_ANP_00203,Rabi,2025,71,71,45,87,77,70.2,Foxtail Millet,Medium,36
AP_ANP_00203,Summer,2025,93,89,74,91,98,89.0,Sunflower,High,37
AP_ANP_00204,Kharif,2025,86,54,43,68,98,69.8,Foxtail Millet,Medium,28
AP_ANP_00204,Rabi,2025,95,67,56,82,96,79.2,Foxtail Millet,Low,29
AP_ANP_00204,Summer,2025,84,79,78,88,92,84.2,Bengal Gram,Low,42
AP_ANP_00205,Kharif,2025,96,85,44,82,87,78.8,Pearl Millet,Low,59
AP_ANP_00205,Rabi,2025,42,97,72,50,55,63.2,Pearl Millet,Medium,19
AP_ANP_00205,Summer,2025,57,77,58,75,98,73.0,Sunflower,High,12
AP_ANP_00206,Kharif,2025,49,77,40,94,95,71.0,Red Gram,Medium,60
AP_ANP_00206,Rabi,2025,85,81,56,48,45,63.0,Red Gram,Medium,58
AP_ANP_00206,Summer,2025,99,67,72,93,76,81.4,Foxtail Millet,Low,30
AP_ANP_00207,Kharif,2025,41,97,82,98,99,83.4,Pearl Millet,Medium,59
AP_ANP_00207,Rabi,2025,99,82,76,54,67,75.6,Pearl Millet,High,31
AP_ANP_00207,Summer,2025,50,97,96,52,43,67.6,Sunflower,Medium,33
AP_ANP_00208,Kharif,2025,43,67,54,40,94,59.6,Red Gram,Medium,59
AP_ANP_00208,Rabi,2025,96,40,77,77,60,70.0,Sunflower,Low,19
AP_ANP_00208,Summer,2025,67,60,89,46,42,60.8,Sunflower,High,28
AP_ANP_00209,Kharif,2025,74,43,44,40,43,48.8,Bengal Gram,Low,51
AP_ANP_00209,Rabi,2025,62,64,60,97,91,74.8,Foxtail Millet,High,55
AP_ANP_00209,Summer,2025,71,94,71,44,75,71.0,Pearl Millet,Medium,48
AP_ANP_00210,Kharif,2025,55,72,88,60,48,64.6,Red Gram,High,48
AP_ANP_00210,Rabi,2025,61,80,93,44,81,71.8,Foxtail Millet,Medium,25
AP_ANP_00210,Summer,2025,42,69,96,61,48,63.2,Sunflower,Medium,32
AP_ANP_00211,Kharif,2025,52,71,85,91,86,77.0,Sunflower,Low,49
AP_ANP_00211,Rabi,2025,60,41,76,45,83,61.0,Pearl Millet,Medium,42
AP_ANP_00211,Summer,2025,69,56,82,71,81,71.8,Red Gram,Low,19
AP_ANP_00212,Kharif,2025,86,99,90,75,73,84.6,Foxtail Millet,Low,20
AP_ANP_00212,Rabi,2025,53,78,94,86,93,80.8,Red Gram,Medium,37
AP_ANP_00212,Summer,2025,63,47,82,48,86,65.2,Foxtail Millet,Medium,28
AP_ANP_00213,Kharif,2025,42,49,79,86,81,67.4,Foxtail Millet,Low,43
AP_ANP_00213,Rabi,2025,90,52,93,40,73,69.6,Sunflower,Medium,22
AP_ANP_00213,Summer,2025,87,88,92,68,78,82.6,Pearl Millet,Medium,22
AP_ANP_00214,Kharif,2025,44,65,88,42,46,57.0,Pearl Millet,Medium,10
AP_ANP_00214,Rabi,2025,88,56,82,64,98,77.6,Sunflower,Medium,38
AP_ANP_00214,Summer,2025,92,82,71,65,99,81.8,Foxtail Millet,High,18
AP_ANP_00215,Kharif,2025,95,95,40,68,96,78.8,Foxtail Millet,Medium,60
AP_ANP_00215,Rabi,2025,93,80,46,53,68,68.0,Red Gram,High,50
AP_ANP_00215,Summer,2025,84,54,42,50,92,64.4,Foxtail Millet,High,60
AP_ANP_00216,Kharif,2025,87,41,71,47,61,61.4,Bengal Gram,Low,49
AP_ANP_00216,Rabi,2025,75,54,67,91,96,76.6,Foxtail Millet,Low,11
AP_ANP_00216,Summer,2025,52,84,93,54,59,68.4,Sunflower,Medium,38
AP_ANP_00217,Kharif,2025,42,58,42,93,53,57.6,Red Gram,High,13
AP_ANP_00217,Rabi,2025,98,99,91,50,97,87.0,Red Gram,High,39
AP_ANP_00217,Summer,2025,82,41,88,48,67,65.2,Bengal Gram,Low,24
AP_ANP_00218,Kharif,2025,87,64,75,47,48,64.2,Pearl Millet,Medium,57
AP_ANP_00218,Rabi,2025,84,78,71,97,91,84.2,Foxtail Millet,Low,28
AP_ANP_00218,Summer,2025,83,68,98,46,67,72.4,Foxtail Millet,Medium,15
AP_ANP_00219,Kharif,2025,68,97,56,55,62,67.6,Red Gram,Medium,35
AP_ANP_00219,Rabi,2025,75,81,76,92,61,77.0,Pearl Millet,Medium,22
AP_ANP_00219,Summer,2025,50,93,55,47,79,64.8,Red Gram,Low,54
AP_ANP_00220,Kharif,2025,98,41,69,69,51,65.6,Pearl Millet,Medium,24
AP_ANP_00220,Rabi,2025,55,56,65,41,89,61.2,Bengal Gram,Medium,32
AP_ANP_00220,Summer,2025,57,71,88,77,96,77.8,Red Gram,High,39
AP_ANP_00221,Kharif,2025,40,69,84,71,67,66.2,Sunflower,Medium,22
AP_ANP_00221,Rabi,2025,66,75,46,61,49,59.4,Sunflower,High,13
AP_ANP_00221,Summer,2025,71,62,94,45,63,67.0,Bengal Gram,High,29
AP_ANP_00222,Kharif,2025,51,72,67,47,40,55.4,Sunflower,Medium,15
AP_ANP_00222,Rabi,2025,60,71,74,54,44,60.6,Bengal Gram,Low,59
AP_ANP_00222,Summer,2025,87,45,64,95,85,75.2,Red Gram,Medium,38
AP_ANP_00223,Kharif,2025,46,79,52,77,57,62.2,Pearl Millet,High,42
AP_ANP_00223,Rabi,2025,93,77,87,66,59,76.4,Bengal Gram,Medium,40
AP_ANP_00223,Summer,2025,66,71,49,42,84,62.4,Red Gram,Low,24
AP_ANP_00224,Kharif,2025,55,52,88,74,91,72.0,Red Gram,Medium,60
AP_ANP_00224,Rabi,2025,93,50,69,99,87,79.6,Sunflower,Low,47
AP_ANP_00224,Summer,2025,70,53,63,89,88,72.6,Bengal Gram,Low,24
AP_ANP_00225,Kharif,2025,82,97,74,42,55,70.0,Sunflower,High,19
AP_ANP_00225,Rabi,2025,58,64,43,68,58,58.2,Red Gram,Medium,52
AP_ANP_00225,Summer,2025,64,59,87,58,62,66.0,Red Gram,High,37
AP_ANP_00226,Kharif,2025,44,98,44,90,60,67.2,Bengal Gram,Medium,58
AP_ANP_00226,Rabi,2025,81,59,77,64,53,66.8,Red Gram,High,27
AP_ANP_00226,Summer,2025,66,94,93,57,95,81.0,Red Gram,Low,14
AP_ANP_00227,Kharif,2025,62,80,98,64,80,76.8,Pearl Millet,Medium,10
AP_ANP_00227,Rabi,2025,46,43,40,54,79,52.4,Bengal Gram,Low,59
AP_ANP_00227,Summer,2025,86,56,68,85,53,69.6,Pearl Millet,Low,57
AP_ANP_00228,Kharif,2025,72,94,98,82,54,80.0,Bengal Gram,Medium,29
AP_ANP_00228,Rabi,2025,69,77,42,67,95,70.0,Pearl Millet,Medium,22
AP_ANP_00228,Summer,2025,41,76,88,77,41,64.6,Bengal Gram,Low,20
AP_ANP_00229,Kharif,2025,47,83,79,82,61,70.4,Bengal Gram,Low,49
AP_ANP_00229,Rabi,2025,65,69,56,59,91,68.0,Red Gram,Low,54
AP_ANP_00229,Summer,2025,98,86,95,87,66,86.4,Sunflower,High,18
AP_ANP_00230,Kharif,2025,74,90,59,76,81,76.0,Foxtail Millet,Medium,17
AP_ANP_00230,Rabi,2025,54,70,92,69,85,74.0,Bengal Gram,Medium,21
AP_ANP_00230,Summer,2025,88,56,81,69,68,72.4,Red Gram,Medium,43
AP_ANP_00231,Kharif,2025,89,46,83,97,73,77.6,Red Gram,Medium,47
AP_ANP_00231,Rabi,2025,63,49,71,91,54,65.6,Sunflower,Medium,46
AP_ANP_00231,Summer,2025,96,79,47,79,83,76.8,Red Gram,Medium,17
AP_ANP_00232,Kharif,2025,68,69,95,99,49,76.0,Bengal Gram,Medium,22
AP_ANP_00232,Rabi,2025,71,75,76,65,61,69.6,Bengal Gram,Low,47
AP_ANP_00232,Summer,2025,63,95,62,61,41,64.4,Red Gram,Medium,41
AP_ANP_00233,Kharif,2025,44,77,49,79,85,66.8,Red Gram,Low,32
AP_ANP_00233,Rabi,2025,56,40,94,70,70,66.0,Pearl Millet,High,51
AP_ANP_00233,Summer,2025,92,95,73,48,61,73.8,Sunflower,Medium,27
AP_ANP_00234,Kharif,2025,90,51,79,56,54,66.0,Pearl Millet,Medium,48
AP_ANP_00234,Rabi,2025,52,56,71,48,79,61.2,Bengal Gram,Low,30
AP_ANP_00234,Summer,2025,57,52,55,48,51,52.6,Bengal Gram,Medium,16
AP_ANP_00235,Kharif,2025,96,74,87,57,55,73.8,Bengal Gram,Medium,41
AP_ANP_00235,Rabi,2025,79,52,84,56,88,71.8,Sunflower,Medium,22
AP_ANP_00235,Summer,2025,96,99,65,53,70,76.6,Bengal Gram,High,17
AP_ANP_00236,Kharif,2025,64,52,71,98,77,72.4,Bengal Gram,Low,12
AP_ANP_00236,Rabi,2025,67,42,84,93,73,71.8,Sunflower,Medium,17
AP_ANP_00236,Summer,2025,96,45,53,71,74,67.8,Pearl Millet,Medium,21
AP_ANP_00237,Kharif,2025,88,98,70,68,44,73.6,Bengal Gram,Medium,50
AP_ANP_00237,Rabi,2025,70,60,97,59,78,72.8,Bengal Gram,Low,51
AP_ANP_00237,Summer,2025,89,88,59,91,52,75.8,Foxtail Millet,Low,42
AP_ANP_00238,Kharif,2025,40,54,52,56,63,53.0,Pearl Millet,Low,36
AP_ANP_00238,Rabi,2025,84,62,85,47,47,65.0,Red Gram,Low,22
AP_ANP_00238,Summer,2025,78,76,88,67,64,74.6,Sunflower,Low,11
AP_ANP_00239,Kharif,2025,93,57,56,69,78,70.6,Sunflower,High,38
AP_ANP_00239,Rabi,2025,85,69,57,52,82,69.0,Sunflower,High,57
AP_ANP_00239,Summer,2025,94,56,79,58,91,75.6,Foxtail Millet,Medium,53
AP_ANP_00240,Kharif,2025,70,92,62,91,69,76.8,Foxtail Millet,High,18
AP_ANP_00240,Rabi,2025,93,86,40,83,74,75.2,Red Gram,Medium,18
AP_ANP_00240,Summer,2025,71,54,51,72,84,66.4,Foxtail Millet,Medium,17
AP_ANP_00241,Kharif,2025,66,51,40,82,79,63.6,Pearl Millet,Medium,20
AP_ANP_00241,Rabi,2025,78,82,70,56,72,71.6,Pearl Millet,Medium,30
AP_ANP_00241,Summer,2025,79,62,95,45,61,68.4,Pearl Millet,Medium,54
AP_ANP_00242,Kharif,2025,90,93,47,80,88,79.6,Red Gram,Medium,33
AP_ANP_00242,Rabi,2025,88,60,90,41,79,71.6,Red Gram,Medium,26
AP_ANP_00242,Summer,2025,45,58,95,77,67,68.4,Pearl Millet,Medium,46
AP_ANP_00243,Kharif,2025,90,91,43,61,65,70.0,Foxtail Millet,Medium,22
AP_ANP_00243,Rabi,2025,91,97,71,56,80,79.0,Bengal Gram,Medium,55
AP_ANP_00243,Summer,2025,58,97,99,74,85,82.6,Red Gram,High,51
AP_ANP_00244,Kharif,2025,57,87,79,72,51,69.2,Pearl Millet,High,53
AP_ANP_00244,Rabi,2025,66,48,86,55,95,70.0,Bengal Gram,Medium,23
AP_ANP_00244,Summer,2025,84,64,73,42,97,72.0,Pearl Millet,High,29
AP_ANP_00245,Kharif,2025,79,49,58,42,63,58.2,Sunflower,Low,36
AP_ANP_00245,Rabi,2025,55,88,54,74,51,64.4,Foxtail Millet,Medium,35
AP_ANP_00245,Summer,2025,86,73,62,70,89,76.0,Bengal Gram,High,13
AP_ANP_00246,Kharif,2025,62,87,94,87,40,74.0,Foxtail Millet,High,12
AP_ANP_00246,Rabi,2025,97,60,64,59,88,73.6,Bengal Gram,Low,42
AP_ANP_00246,Summer,2025,91,77,54,97,97,83.2,Bengal Gram,High,34
AP_ANP_00247,Kharif,2025,60,63,96,97,44,72.0,Foxtail Millet,Low,53
AP_ANP_00247,Rabi,2025,86,62,43,66,57,62.8,Sunflower,High,31
AP_ANP_00247,Summer,2025,79,62,42,79,89,70.2,Pearl Millet,Medium,58
AP_ANP_00248,Kharif,2025,47,94,50,44,97,66.4,Sunflower,Low,46
AP_ANP_00248,Rabi,2025,95,98,84,77,68,84.4,Sunflower,Low,57
AP_ANP_00248,Summer,2025,41,40,79,99,90,69.8,Red Gram,Medium,21
AP_ANP_00249,Kharif,2025,78,65,52,98,47,68.0,Sunflower,Low,37
AP_ANP_00249,Rabi,2025,97,69,48,78,70,72.4,Pearl Millet,Medium,56
AP_ANP_00249,Summer,2025,73,94,70,91,64,78.4,Bengal Gram,Medium,31
AP_ANP_00250,Kharif,2025,79,76,86,40,40,64.2,Foxtail Millet,Medium,51
AP_ANP_00250,Rabi,2025,60,54,56,61,77,61.6,Red Gram,Medium,17
AP_ANP_00250,Summer,2025,86,56,56,93,65,71.2,Sunflower,Low,26
AP_ANP_00251,Kharif,2025,87,53,84,45,74,68.6,Sunflower,Medium,36
AP_ANP_00251,Rabi,2025,52,88,70,92,95,79.4,Red Gram,Low,14
AP_ANP_00251,Summer,2025,61,97,88,62,64,74.4,Pearl Millet,Low,14
AP_ANP_00252,Kharif,2025,65,59,45,45,98,62.4,Pearl Millet,High,26
AP_ANP_00252,Rabi,2025,96,53,53,52,46,60.0,Bengal Gram,Low,28
AP_ANP_00252,Summer,2025,82,86,83,74,56,76.2,Red Gram,Medium,45
AP_ANP_00253,Kharif,2025,74,71,97,87,83,82.4,Sunflower,Medium,16
AP_ANP_00253,Rabi,2025,82,89,40,74,71,71.2,Bengal Gram,Medium,23
AP_ANP_00253,Summer,2025,76,87,54,86,43,69.2,Red Gram,Low,25
AP_ANP_00254,Kharif,2025,43,84,65,67,71,66.0,Sunflower,High,12
AP_ANP_00254,Rabi,2025,93,47,63,54,82,67.8,Foxtail Millet,Medium,11
AP_ANP_00254,Summer,2025,47,46,95,83,90,72.2,Pearl Millet,Medium,25
AP_ANP_00255,Kharif,2025,74,69,49,77,57,65.2,Pearl Millet,Medium,38
AP_ANP_00255,Rabi,2025,78,99,73,82,84,83.2,Sunflower,Low,55
AP_ANP_00255,Summer,2025,83,43,68,62,45,60.2,Pearl Millet,High,49
AP_ANP_00256,Kharif,2025,97,71,48,76,49,68.2,Bengal Gram,Low,12
AP_ANP_00256,Rabi,2025,81,50,82,56,71,68.0,Bengal Gram,Medium,26
AP_ANP_00256,Summer,2025,80,58,44,71,61,62.8,Red Gram,High,29
AP_ANP_00257,Kharif,2025,61,87,94,50,52,68.8,Red Gram,High,18
AP_ANP_00257,Rabi,2025,99,51,62,53,72,67.4,Pearl Millet,Low,50
AP_ANP_00257,Summer,2025,48,62,49,58,86,60.6,Sunflower,Medium,32
AP_ANP_00258,Kharif,2025,69,64,67,73,84,71.4,Foxtail Millet,High,51
AP_ANP_00258,Rabi,2025,96,85,97,69,94,88.2,Foxtail Millet,Low,44
AP_ANP_00258,Summer,2025,91,87,73,49,74,74.8,Red Gram,Low,30
AP_ANP_00259,Kharif,2025,61,84,46,94,56,68.2,Pearl Millet,High,51
AP_ANP_00259,Rabi,2025,57,93,98,50,55,70.6,Foxtail Millet,Low,44
AP_ANP_00259,Summer,2025,92,98,65,55,45,71.0,Foxtail Millet,High,56
AP_ANP_00260,Kharif,2025,86,87,81,51,99,80.8,Sunflower,Medium,11
AP_ANP_00260,Rabi,2025,65,98,66,66,54,69.8,Bengal Gram,Medium,52
AP_ANP_00260,Summer,2025,56,56,95,75,60,68.4,Sunflower,Low,45
AP_ANP_00261,Kharif,2025,67,93,68,86,51,73.0,Sunflower,Low,25
AP_ANP_00261,Rabi,2025,53,49,46,84,91,64.6,Bengal Gram,High,38
AP_ANP_00261,Summer,2025,42,54,75,86,85,68.4,Bengal Gram,Low,51
AP_ANP_00262,Kharif,2025,60,76,66,94,91,77.4,Sunflower,Low,15
AP_ANP_00262,Rabi,2025,75,41,61,71,55,60.6,Pearl Millet,Low,45
AP_ANP_00262,Summer,2025,69,84,58,62,73,69.2,Sunflower,Low,38
AP_ANP_00263,Kharif,2025,75,61,91,91,86,80.8,Bengal Gram,Low,60
AP_ANP_00263,Rabi,2025,58,77,45,91,86,71.4,Foxtail Millet,Low,41
AP_ANP_00263,Summer,2025,43,89,57,44,59,58.4,Red Gram,Medium,13
AP_ANP_00264,Kharif,2025,68,83,73,52,81,71.4,Foxtail Millet,Low,16
AP_ANP_00264,Rabi,2025,43,58,81,69,70,64.2,Red Gram,Medium,40
AP_ANP_00264,Summer,2025,58,70,92,71,41,66.4,Red Gram,Medium,11
AP_ANP_00265,Kharif,2025,41,99,63,56,71,66.0,Sunflower,Medium,33
AP_ANP_00265,Rabi,2025,40,50,94,60,43,57.4,Pearl Millet,Medium,21
AP_ANP_00265,Summer,2025,70,56,72,50,67,63.0,Foxtail Millet,Medium,51
AP_ANP_00266,Kharif,2025,46,41,81,63,43,54.8,Bengal Gram,Low,20
AP_ANP_00266,Rabi,2025,79,89,82,50,84,76.8,Red Gram,Medium,51
AP_ANP_00266,Summer,2025,66,88,93,41,88,75.2,Pearl Millet,Medium,39
AP_ANP_00267,Kharif,2025,59,77,67,64,71,67.6,Sunflower,Medium,51
AP_ANP_00267,Rabi,2025,79,72,52,95,80,75.6,Pearl Millet,Medium,25
AP_ANP_00267,Summer,2025,84,61,96,59,89,77.8,Red Gram,Low,25
AP_ANP_00268,Kharif,2025,73,71,65,64,41,62.8,Bengal Gram,Medium,21
AP_ANP_00268,Rabi,2025,65,48,49,71,96,65.8,Pearl Millet,High,48
AP_ANP_00268,Summer,2025,99,41,40,90,99,73.8,Bengal Gram,Low,36
AP_ANP_00269,Kharif,2025,41,70,96,53,41,60.2,Sunflower,High,46
AP_ANP_00269,Rabi,2025,67,59,78,63,60,65.4,Pearl Millet,Medium,46
AP_ANP_00269,Summer,2025,57,63,53,73,97,68.6,Bengal Gram,Low,15
AP_ANP_00270,Kharif,2025,75,84,75,61,53,69.6,Sunflower,High,34
AP_ANP_00270,Rabi,2025,71,72,84,75,59,72.2,Pearl Millet,Medium,32
AP_ANP_00270,Summer,2025,71,84,98,55,98,81.2,Sunflower,Medium,49
AP_ANP_00271,Kharif,2025,90,53,78,70,53,68.8,Bengal Gram,Medium,54
AP_ANP_00271,Rabi,2025,62,53,46,85,71,63.4,Bengal Gram,High,56
AP_ANP_00271,Summer,2025,83,73,44,84,66,70.0,Bengal Gram,Medium,23
AP_ANP_00272,Kharif,2025,54,82,72,92,70,74.0,Red Gram,Medium,28
AP_ANP_00272,Rabi,2025,85,93,62,71,79,78.0,Sunflower,High,44
AP_ANP_00272,Summer,2025,44,48,68,45,64,53.8,Pearl Millet,Medium,36
AP_ANP_00273,Kharif,2025,64,47,94,40,59,60.8,Bengal Gram,Low,20
AP_ANP_00273,Rabi,2025,78,86,93,63,50,74.0,Sunflower,Low,25
AP_ANP_00273,Summer,2025,74,59,85,42,40,60.0,Pearl Millet,Medium,10
AP_ANP_00274,Kharif,2025,56,41,68,59,45,53.8,Sunflower,Medium,42
AP_ANP_00274,Rabi,2025,42,99,74,44,66,65.0,Bengal Gram,Medium,54
AP_ANP_00274,Summer,2025,59,48,78,43,90,63.6,Red Gram,High,54
AP_ANP_00275,Kharif,2025,82,52,52,99,96,76.2,Bengal Gram,Medium,54
AP_ANP_00275,Rabi,2025,61,82,58,47,91,67.8,Pearl Millet,Medium,60
AP_ANP_00275,Summer,2025,65,62,82,52,67,65.6,Foxtail Millet,Low,28
AP_ANP_00276,Kharif,2025,87,78,90,51,54,72.0,Red Gram,Medium,36
AP_ANP_00276,Rabi,2025,50,77,73,82,58,68.0,Bengal Gram,Medium,51
AP_ANP_00276,Summer,2025,67,40,74,79,47,61.4,Red Gram,Low,56
AP_ANP_00277,Kharif,2025,95,46,50,78,43,62.4,Foxtail Millet,High,47
AP_ANP_00277,Rabi,2025,85,51,82,90,92,80.0,Sunflower,Low,33
AP_ANP_00277,Summer,2025,55,96,52,64,93,72.0,Foxtail Millet,High,13
AP_ANP_00278,Kharif,2025,50,71,88,46,85,68.0,Pearl Millet,Medium,50
AP_ANP_00278,Rabi,2025,62,84,62,89,67,72.8,Red Gram,High,35
AP_ANP_00278,Summer,2025,64,93,68,58,72,71.0,Bengal Gram,Low,44
AP_ANP_00279,Kharif,2025,69,67,56,42,55,57.8,Bengal Gram,Medium,24
AP_ANP_00279,Rabi,2025,85,95,64,90,77,82.2,Pearl Millet,Medium,47
AP_ANP_00279,Summer,2025,62,64,81,46,61,62.8,Foxtail Millet,High,50
AP_ANP_00280,Kharif,2025,49,49,96,46,87,65.4,Sunflower,Low,36
AP_ANP_00280,Rabi,2025,91,72,40,83,92,75.6,Bengal Gram,Low,26
AP_ANP_00280,Summer,2025,43,82,93,65,43,65.2,Foxtail Millet,Low,59
AP_ANP_00281,Kharif,2025,48,74,47,63,58,58.0,Bengal Gram,Medium,52
AP_ANP_00281,Rabi,2025,66,71,53,96,57,68.6,Bengal Gram,Medium,25
AP_ANP_00281,Summer,2025,74,86,98,98,70,85.2,Bengal Gram,Medium,48
AP_ANP_00282,Kharif,2025,87,85,65,87,78,80.4,Foxtail Millet,High,39
AP_ANP_00282,Rabi,2025,61,50,41,83,51,57.2,Bengal Gram,High,16
AP_ANP_00282,Summer,2025,40,97,65,62,65,65.8,Sunflower,Medium,53
AP_ANP_00283,Kharif,2025,47,63,61,58,76,61.0,Pearl Millet,Medium,46
AP_ANP_00283,Rabi,2025,69,96,81,72,49,73.4,Sunflower,High,39
AP_ANP_00283,Summer,2025,66,78,48,93,60,69.0,Bengal Gram,High,42
AP_ANP_00284,Kharif,2025,82,92,54,41,91,72.0,Sunflower,Low,27
AP_ANP_00284,Rabi,2025,42,46,82,57,83,62.0,Sunflower,High,53
AP_ANP_00284,Summer,2025,98,70,97,50,43,71.6,Red Gram,Medium,58
AP_ANP_00285,Kharif,2025,73,68,63,61,41,61.2,Bengal Gram,High,51
AP_ANP_00285,Rabi,2025,64,94,96,60,94,81.6,Red Gram,High,23
AP_ANP_00285,Summer,2025,78,67,71,67,90,74.6,Foxtail Millet,Medium,54
AP_ANP_00286,Kharif,2025,61,71,44,62,44,56.4,Pearl Millet,Medium,19
AP_ANP_00286,Rabi,2025,98,78,97,54,46,74.6,Sunflower,Low,12
AP_ANP_00286,Summer,2025,58,49,67,68,54,59.2,Red Gram,Low,56
AP_ANP_00287,Kharif,2025,77,52,68,58,42,59.4,Pearl Millet,Low,13
AP_ANP_00287,Rabi,2025,90,60,42,84,47,64.6,Sunflower,High,18
AP_ANP_00287,Summer,2025,99,53,52,92,96,78.4,Pearl Millet,Low,33
AP_ANP_00288,Kharif,2025,88,76,83,40,49,67.2,Red Gram,Medium,17
AP_ANP_00288,Rabi,2025,95,88,64,89,51,77.4,Foxtail Millet,Low,35
AP_ANP_00288,Summer,2025,85,87,53,80,75,76.0,Foxtail Millet,Low,15
AP_ANP_00289,Kharif,2025,86,44,82,64,57,66.6,Sunflower,Low,37
AP_ANP_00289,Rabi,2025,57,98,99,96,67,83.4,Red Gram,Medium,41
AP_ANP_00289,Summer,2025,86,48,79,71,59,68.6,Bengal Gram,Medium,55
AP_ANP_00290,Kharif,2025,96,73,87,42,65,72.6,Sunflower,Low,34
AP_ANP_00290,Rabi,2025,59,93,57,86,57,70.4,Pearl Millet,Medium,54
AP_ANP_00290,Summer,2025,89,86,51,86,52,72.8,Pearl Millet,Medium,20
AP_ANP_00291,Kharif,2025,58,74,78,92,65,73.4,Sunflower,Low,50
AP_ANP_00291,Rabi,2025,40,90,82,94,61,73.4,Red Gram,Medium,37
AP_ANP_00291,Summer,2025,67,99,98,72,58,78.8,Bengal Gram,High,58
AP_ANP_00292,Kharif,2025,76,65,74,73,74,72.4,Sunflower,Medium,31
AP_ANP_00292,Rabi,2025,55,67,87,74,99,76.4,Sunflower,Low,53
AP_ANP_00292,Summer,2025,94,94,61,60,65,74.8,Sunflower,High,10
AP_ANP_00293,Kharif,2025,45,62,90,62,82,68.2,Red Gram,Medium,39
AP_ANP_00293,Rabi,2025,52,82,57,62,54,61.4,Foxtail Millet,Medium,48
AP_ANP_00293,Summer,2025,62,66,84,83,57,70.4,Red Gram,High,60
AP_ANP_00294,Kharif,2025,81,46,89,87,59,72.4,Red Gram,Medium,18
AP_ANP_00294,Rabi,2025,92,84,96,70,60,80.4,Pearl Millet,Medium,54
AP_ANP_00294,Summer,2025,52,88,62,59,76,67.4,Sunflower,Low,37
AP_ANP_00295,Kharif,2025,80,41,64,97,89,74.2,Foxtail Millet,Medium,47
AP_ANP_00295,Rabi,2025,45,84,50,53,41,54.6,Red Gram,Low,44
AP_ANP_00295,Summer,2025,72,63,58,57,88,67.6,Bengal Gram,Medium,54
AP_ANP_00296,Kharif,2025,74,40,75,64,84,67.4,Foxtail Millet,High,52
AP_ANP_00296,Rabi,2025,73,64,55,73,68,66.6,Red Gram,High,34
AP_ANP_00296,Summer,2025,55,93,90,48,40,65.2,Pearl Millet,Low,43
AP_ANP_00297,Kharif,2025,55,83,79,94,57,73.6,Pearl Millet,Medium,54
AP_ANP_00297,Rabi,2025,45,60,97,45,71,63.6,Foxtail Millet,Low,48
AP_ANP_00297,Summer,2025,70,81,49,69,96,73.0,Bengal Gram,Medium,33
AP_ANP_00298,Kharif,2025,91,48,70,54,43,61.2,Foxtail Millet,Medium,35
AP_ANP_00298,Rabi,2025,43,56,55,54,74,56.4,Foxtail Millet,High,14
AP_ANP_00298,Summer,2025,59,54,57,86,41,59.4,Sunflower,High,51
AP_ANP_00299,Kharif,2025,84,49,70,80,47,66.0,Red Gram,Low,55
AP_ANP_00299,Rabi,2025,48,69,92,50,74,66.6,Sunflower,Low,22
AP_ANP_00299,Summer,2025,75,95,52,51,76,69.8,Pearl Millet,High,18
AP_ANP_00300,Kharif,2025,91,46,41,93,95,73.2,Bengal Gram,Low,49
AP_ANP_00300,Rabi,2025,78,60,62,68,53,64.2,Pearl Millet,High,40
AP_ANP_00300,Summer,2025,64,70,89,59,83,73.0,Foxtail Millet,Low,34
AP_ANP_00301,Kharif,2025,52,97,78,67,81,75.0,Red Gram,Medium,27
AP_ANP_00301,Rabi,2025,50,93,59,44,58,60.8,Red Gram,Low,56
AP_ANP_00301,Summer,2025,55,63,80,43,54,59.0,Foxtail Millet,Medium,44
AP_ANP_00302,Kharif,2025,94,53,88,58,77,74.0,Bengal Gram,Medium,28
AP_ANP_00302,Rabi,2025,88,64,55,86,93,77.2,Red Gram,Low,37
AP_ANP_00302,Summer,2025,55,91,58,81,56,68.2,Sunflower,High,36
AP_ANP_00303,Kharif,2025,49,73,75,64,45,61.2,Pearl Millet,High,38
AP_ANP_00303,Rabi,2025,64,94,56,85,63,72.4,Red Gram,Medium,60
AP_ANP_00303,Summer,2025,73,67,42,50,77,61.8,Sunflower,Low,35
AP_ANP_00304,Kharif,2025,87,60,93,95,78,82.6,Red Gram,High,29
AP_ANP_00304,Rabi,2025,87,71,61,98,46,72.6,Foxtail Millet,High,38
AP_ANP_00304,Summer,2025,47,95,93,43,74,70.4,Red Gram,Medium,54
AP_ANP_00305,Kharif,2025,79,46,66,40,66,59.4,Bengal Gram,Low,20
AP_ANP_00305,Rabi,2025,81,92,72,89,75,81.8,Sunflower,Medium,26
AP_ANP_00305,Summer,2025,74,87,44,87,71,72.6,Red Gram,High,44
AP_ANP_00306,Kharif,2025,91,53,87,70,70,74.2,Foxtail Millet,Medium,32
AP_ANP_00306,Rabi,2025,57,89,93,53,89,76.2,Red Gram,Medium,45
AP_ANP_00306,Summer,2025,94,47,54,42,86,64.6,Sunflower,Medium,33
AP_ANP_00307,Kharif,2025,79,71,71,69,91,76.2,Foxtail Millet,Low,43
AP_ANP_00307,Rabi,2025,54,83,53,96,68,70.8,Pearl Millet,Low,16
AP_ANP_00307,Summer,2025,68,94,70,64,77,74.6,Red Gram,Low,26
AP_ANP_00308,Kharif,2025,76,53,64,95,69,71.4,Sunflower,Medium,31
AP_ANP_00308,Rabi,2025,74,76,55,89,97,78.2,Foxtail Millet,Low,25
AP_ANP_00308,Summer,2025,97,94,41,43,60,67.0,Pearl Millet,High,26
AP_ANP_00309,Kharif,2025,78,64,44,44,59,57.8,Red Gram,Low,49
AP_ANP_00309,Rabi,2025,48,44,81,96,41,62.0,Foxtail Millet,Medium,31
AP_ANP_00309,Summer,2025,61,61,73,94,68,71.4,Red Gram,Low,27
AP_ANP_00310,Kharif,2025,46,40,72,40,63,52.2,Bengal Gram,Medium,27
AP_ANP_00310,Rabi,2025,66,82,98,71,72,77.8,Bengal Gram,Low,45
AP_ANP_00310,Summer,2025,99,45,55,73,62,66.8,Pearl Millet,Low,58
AP_ANP_00311,Kharif,2025,52,95,57,93,52,69.8,Foxtail Millet,Medium,48
AP_ANP_00311,Rabi,2025,81,56,54,57,62,62.0,Red Gram,Low,43
AP_ANP_00311,Summer,2025,97,43,42,46,95,64.6,Pearl Millet,High,49
AP_ANP_00312,Kharif,2025,45,61,97,40,43,57.2,Foxtail Millet,High,52
AP_ANP_00312,Rabi,2025,68,60,65,53,48,58.8,Red Gram,Medium,51
AP_ANP_00312,Summer,2025,90,95,90,45,59,75.8,Red Gram,Low,10
AP_ANP_00313,Kharif,2025,93,88,88,63,86,83.6,Red Gram,Medium,44
AP_ANP_00313,Rabi,2025,69,68,61,50,59,61.4,Sunflower,High,51
AP_ANP_00313,Summer,2025,73,40,70,69,87,67.8,Pearl Millet,Medium,26
AP_ANP_00314,Kharif,2025,77,53,62,64,54,62.0,Red Gram,Medium,28
AP_ANP_00314,Rabi,2025,96,83,73,74,89,83.0,Sunflower,Low,30
AP_ANP_00314,Summer,2025,68,45,76,40,90,63.8,Foxtail Millet,Low,25
AP_ANP_00315,Kharif,2025,83,98,93,79,65,83.6,Bengal Gram,High,19
AP_ANP_00315,Rabi,2025,82,56,96,98,62,78.8,Bengal Gram,Medium,53
AP_ANP_00315,Summer,2025,54,73,85,84,43,67.8,Red Gram,High,59
AP_ANP_00316,Kharif,2025,56,76,51,45,61,57.8,Foxtail Millet,Medium,56
AP_ANP_00316,Rabi,2025,92,97,45,58,57,69.8,Sunflower,Low,32
AP_ANP_00316,Summer,2025,65,52,46,54,83,60.0,Red Gram,Medium,24
AP_ANP_00317,Kharif,2025,75,84,94,66,96,83.0,Sunflower,Low,42
AP_ANP_00317,Rabi,2025,55,62,77,94,55,68.6,Sunflower,Medium,24
AP_ANP_00317,Summer,2025,42,62,68,73,72,63.4,Foxtail Millet,Medium,16
AP_ANP_00318,Kharif,2025,42,97,71,70,57,67.4,Red Gram,Low,10
AP_ANP_00318,Rabi,2025,53,91,71,45,78,67.6,Pearl Millet,Low,43
AP_ANP_00318,Summer,2025,69,75,60,99,56,71.8,Foxtail Millet,Low,56
AP_ANP_00319,Kharif,2025,81,90,51,95,55,74.4,Foxtail Millet,Medium,36
AP_ANP_00319,Rabi,2025,67,56,85,98,89,79.0,Pearl Millet,Low,45
AP_ANP_00319,Summer,2025,89,46,52,54,64,61.0,Bengal Gram,Low,35
AP_ANP_00320,Kharif,2025,72,50,49,64,76,62.2,Red Gram,Low,50
AP_ANP_00320,Rabi,2025,84,63,79,85,95,81.2,Foxtail Millet,Low,46
AP_ANP_00320,Summer,2025,96,41,71,96,99,80.6,Foxtail Millet,Medium,26
AP_ANP_00321,Kharif,2025,92,89,87,69,79,83.2,Pearl Millet,High,30
AP_ANP_00321,Rabi,2025,57,94,68,63,49,66.2,Sunflower,High,51
AP_ANP_00321,Summer,2025,87,59,76,84,57,72.6,Foxtail Millet,Medium,58
AP_ANP_00322,Kharif,2025,68,70,43,57,98,67.2,Bengal Gram,Medium,56
AP_ANP_00322,Rabi,2025,82,83,48,52,54,63.8,Red Gram,Medium,46
AP_ANP_00322,Summer,2025,94,58,65,91,65,74.6,Foxtail Millet,Medium,55
AP_ANP_00323,Kharif,2025,67,88,57,71,92,75.0,Red Gram,Medium,51
AP_ANP_00323,Rabi,2025,58,56,83,72,51,64.0,Foxtail Millet,Medium,12
AP_ANP_00323,Summer,2025,82,88,94,65,74,80.6,Bengal Gram,High,16
AP_ANP_00324,Kharif,2025,85,85,75,55,63,72.6,Sunflower,High,10
AP_ANP_00324,Rabi,2025,88,64,49,93,55,69.8,Pearl Millet,Medium,48
AP_ANP_00324,Summer,2025,67,45,55,59,55,56.2,Foxtail Millet,Low,35
AP_ANP_00325,Kharif,2025,65,53,46,72,65,60.2,Foxtail Millet,Medium,12
AP_ANP_00325,Rabi,2025,91,43,65,50,41,58.0,Bengal Gram,Medium,21
AP_ANP_00325,Summer,2025,65,83,72,52,53,65.0,Pearl Millet,Medium,30
AP_ANP_00326,Kharif,2025,67,87,75,79,41,69.8,Pearl Millet,High,24
AP_ANP_00326,Rabi,2025,52,62,56,87,99,71.2,Pearl Millet,Low,55
AP_ANP_00326,Summer,2025,42,94,51,79,41,61.4,Bengal Gram,Medium,28
AP_ANP_00327,Kharif,2025,73,83,85,45,52,67.6,Bengal Gram,Low,21
AP_ANP_00327,Rabi,2025,91,98,93,69,92,88.6,Red Gram,Low,41
AP_ANP_00327,Summer,2025,87,58,45,59,66,63.0,Sunflower,Low,57
AP_ANP_00328,Kharif,2025,46,98,44,50,54,58.4,Red Gram,Low,32
AP_ANP_00328,Rabi,2025,92,76,48,54,42,62.4,Sunflower,Medium,35
AP_ANP_00328,Summer,2025,60,47,60,96,50,62.6,Pearl Millet,Medium,44
AP_ANP_00329,Kharif,2025,94,53,94,53,49,68.6,Bengal Gram,Low,55
AP_ANP_00329,Rabi,2025,73,80,49,97,56,71.0,Foxtail Millet,High,40
AP_ANP_00329,Summer,2025,90,40,51,78,43,60.4,Pearl Millet,Low,51
AP_ANP_00330,Kharif,2025,60,61,96,43,57,63.4,Sunflower,Low,21
AP_ANP_00330,Rabi,2025,56,49,73,45,47,54.0,Sunflower,Medium,21
AP_ANP_00330,Summer,2025,48,41,47,97,50,56.6,Bengal Gram,Medium,19
AP_ANP_00331,Kharif,2025,60,59,87,47,75,65.6,Sunflower,Medium,23
AP_ANP_00331,Rabi,2025,87,93,89,60,61,78.0,Sunflower,Low,39
AP_ANP_00331,Summer,2025,78,59,63,62,46,61.6,Foxtail Millet,Medium,47
AP_ANP_00332,Kharif,2025,77,93,83,61,83,79.4,Pearl Millet,High,15
AP_ANP_00332,Rabi,2025,56,90,89,77,63,75.0,Red Gram,Low,17
AP_ANP_00332,Summer,2025,60,95,45,60,96,71.2,Foxtail Millet,Medium,37
AP_ANP_00333,Kharif,2025,96,91,71,51,87,79.2,Pearl Millet,Low,55
AP_ANP_00333,Rabi,2025,96,91,81,71,81,84.0,Pearl Millet,Medium,32
AP_ANP_00333,Summer,2025,73,96,91,79,62,80.2,Sunflower,High,16
AP_ANP_00334,Kharif,2025,79,72,60,41,57,61.8,Foxtail Millet,Medium,29
AP_ANP_00334,Rabi,2025,74,90,89,93,57,80.6,Sunflower,High,19
AP_ANP_00334,Summer,2025,62,91,88,50,41,66.4,Pearl Millet,Medium,42
AP_ANP_00335,Kharif,2025,86,52,79,64,43,64.8,Pearl Millet,Medium,46
AP_ANP_00335,Rabi,2025,69,58,97,62,98,76.8,Foxtail Millet,Low,43
AP_ANP_00335,Summer,2025,92,96,47,57,96,77.6,Sunflower,Low,22
AP_ANP_00336,Kharif,2025,58,68,42,65,79,62.4,Red Gram,Low,21
AP_ANP_00336,Rabi,2025,41,50,83,67,57,59.6,Sunflower,High,21
AP_ANP_00336,Summer,2025,41,76,46,65,65,58.6,Bengal Gram,Low,49
AP_ANP_00337,Kharif,2025,99,48,71,54,76,69.6,Sunflower,Medium,19
AP_ANP_00337,Rabi,2025,91,52,80,92,85,80.0,Pearl Millet,High,16
AP_ANP_00337,Summer,2025,79,67,71,74,54,69.0,Bengal Gram,High,10
AP_ANP_00338,Kharif,2025,43,50,83,65,76,63.4,Sunflower,Medium,54
AP_ANP_00338,Rabi,2025,84,88,66,78,79,79.0,Sunflower,Low,25
AP_ANP_00338,Summer,2025,69,43,79,55,70,63.2,Sunflower,Medium,53
AP_ANP_00339,Kharif,2025,51,65,76,87,72,70.2,Bengal Gram,Medium,14
AP_ANP_00339,Rabi,2025,93,91,93,67,95,87.8,Red Gram,Low,55
AP_ANP_00339,Summer,2025,73,52,78,81,84,73.6,Pearl Millet,Medium,51
AP_ANP_00340,Kharif,2025,77,43,92,72,46,66.0,Foxtail Millet,High,60
AP_ANP_00340,Rabi,2025,49,82,96,54,77,71.6,Sunflower,Medium,60
AP_ANP_00340,Summer,2025,49,51,93,43,70,61.2,Pearl Millet,Low,45
AP_ANP_00341,Kharif,2025,64,62,51,73,75,65.0,Sunflower,Medium,27
AP_ANP_00341,Rabi,2025,82,74,96,94,73,83.8,Foxtail Millet,Medium,38
AP_ANP_00341,Summer,2025,80,84,89,54,67,74.8,Pearl Millet,High,14
AP_ANP_00342,Kharif,2025,73,81,40,78,71,68.6,Pearl Millet,Low,36
AP_ANP_00342,Rabi,2025,63,74,85,81,93,79.2,Pearl Millet,Medium,47
AP_ANP_00342,Summer,2025,62,61,43,88,98,70.4,Foxtail Millet,Medium,32
AP_ANP_00343,Kharif,2025,41,88,63,79,94,73.0,Red Gram,Medium,33
AP_ANP_00343,Rabi,2025,88,99,65,55,96,80.6,Sunflower,High,13
AP_ANP_00343,Summer,2025,55,69,83,69,75,70.2,Red Gram,Medium,31
AP_ANP_00344,Kharif,2025,89,96,89,94,99,93.4,Foxtail Millet,Low,30
AP_ANP_00344,Rabi,2025,95,43,70,83,70,72.2,Pearl Millet,High,29
AP_ANP_00344,Summer,2025,54,62,67,55,76,62.8,Sunflower,Medium,59
AP_ANP_00345,Kharif,2025,76,52,58,69,84,67.8,Pearl Millet,Low,45
AP_ANP_00345,Rabi,2025,75,59,91,58,84,73.4,Bengal Gram,Low,53
AP_ANP_00345,Summer,2025,92,43,98,73,41,69.4,Sunflower,Low,41
AP_ANP_00346,Kharif,2025,81,80,52,78,44,67.0,Pearl Millet,Medium,47
AP_ANP_00346,Rabi,2025,66,99,90,60,47,72.4,Foxtail Millet,High,48
AP_ANP_00346,Summer,2025,53,60,69,60,88,66.0,Foxtail Millet,Low,40
AP_ANP_00347,Kharif,2025,91,79,77,82,58,77.4,Bengal Gram,Medium,22
AP_ANP_00347,Rabi,2025,53,95,72,68,82,74.0,Foxtail Millet,High,53
AP_ANP_00347,Summer,2025,49,70,45,96,40,60.0,Pearl Millet,Medium,37
AP_ANP_00348,Kharif,2025,55,95,85,62,91,77.6,Bengal Gram,Medium,34
AP_ANP_00348,Rabi,2025,67,44,95,60,57,64.6,Foxtail Millet,Medium,42
AP_ANP_00348,Summer,2025,40,84,42,81,60,61.4,Red Gram,Low,12
AP_ANP_00349,Kharif,2025,64,84,77,84,94,80.6,Bengal Gram,Medium,54
AP_ANP_00349,Rabi,2025,73,60,95,94,87,81.8,Red Gram,Medium,58
AP_ANP_00349,Summer,2025,62,48,56,41,58,53.0,Red Gram,Medium,51
AP_ANP_00350,Kharif,2025,81,98,59,48,56,68.4,Red Gram,Medium,45
AP_ANP_00350,Rabi,2025,58,56,44,78,57,58.6,Sunflower,High,16
AP_ANP_00350,Summer,2025,56,78,75,79,84,74.4,Bengal Gram,High,14
AP_ANP_00351,Kharif,2025,69,51,43,63,68,58.8,Foxtail Millet,Medium,33
AP_ANP_00351,Rabi,2025,53,44,57,81,96,66.2,Red Gram,Medium,26
AP_ANP_00351,Summer,2025,69,63,50,74,62,63.6,Foxtail Millet,High,41
AP_ANP_00352,Kharif,2025,99,48,54,67,63,66.2,Bengal Gram,High,31
AP_ANP_00352,Rabi,2025,66,58,84,51,59,63.6,Foxtail Millet,Low,54
AP_ANP_00352,Summer,2025,40,49,86,98,98,74.2,Bengal Gram,Medium,57
AP_ANP_00353,Kharif,2025,85,71,66,67,57,69.2,Red Gram,Low,38
AP_ANP_00353,Rabi,2025,57,83,47,93,70,70.0,Pearl Millet,Medium,27
AP_ANP_00353,Summer,2025,99,77,98,48,98,84.0,Foxtail Millet,Low,60
AP_ANP_00354,Kharif,2025,74,57,44,53,67,59.0,Bengal Gram,High,34
AP_ANP_00354,Rabi,2025,67,51,41,82,53,58.8,Bengal Gram,Low,13
AP_ANP_00354,Summer,2025,54,63,64,40,46,53.4,Foxtail Millet,Low,51
AP_ANP_00355,Kharif,2025,44,83,89,81,77,74.8,Bengal Gram,High,27
AP_ANP_00355,Rabi,2025,41,49,54,69,83,59.2,Pearl Millet,High,16
AP_ANP_00355,Summer,2025,80,70,90,99,98,87.4,Pearl Millet,Low,47
AP_ANP_00356,Kharif,2025,84,97,90,73,83,85.4,Pearl Millet,Medium,41
AP_ANP_00356,Rabi,2025,42,42,61,61,49,51.0,Red Gram,Low,21
AP_ANP_00356,Summer,2025,68,87,56,46,52,61.8,Pearl Millet,Low,48
AP_ANP_00357,Kharif,2025,63,56,91,45,58,62.6,Sunflower,High,18
AP_ANP_00357,Rabi,2025,66,52,58,60,63,59.8,Bengal Gram,High,44
AP_ANP_00357,Summer,2025,42,43,96,76,79,67.2,Red Gram,Medium,53
AP_ANP_00358,Kharif,2025,64,79,52,43,85,64.6,Sunflower,Medium,26
AP_ANP_00358,Rabi,2025,75,79,88,74,56,74.4,Foxtail Millet,High,22
AP_ANP_00358,Summer,2025,91,41,91,67,82,74.4,Red Gram,High,56
AP_ANP_00359,Kharif,2025,82,94,42,74,99,78.2,Pearl Millet,High,14
AP_ANP_00359,Rabi,2025,59,78,78,52,80,69.4,Foxtail Millet,Medium,21
AP_ANP_00359,Summer,2025,52,95,49,72,96,72.8,Sunflower,Low,14
AP_ANP_00360,Kharif,2025,65,50,46,92,95,69.6,Pearl Millet,Medium,43
AP_ANP_00360,Rabi,2025,42,47,70,50,84,58.6,Sunflower,Medium,50
AP_ANP_00360,Summer,2025,71,59,96,73,89,77.6,Foxtail Millet,Medium,48
AP_ANP_00361,Kharif,2025,56,84,50,45,62,59.4,Red Gram,Medium,47
AP_ANP_00361,Rabi,2025,41,61,59,64,54,55.8,Bengal Gram,Low,17
AP_ANP_00361,Summer,2025,76,88,91,72,61,77.6,Pearl Millet,Medium,48
AP_ANP_00362,Kharif,2025,57,77,93,92,76,79.0,Red Gram,Medium,19
AP_ANP_00362,Rabi,2025,54,81,98,87,83,80.6,Pearl Millet,Low,25
AP_ANP_00362,Summer,2025,93,77,74,73,67,76.8,Pearl Millet,Medium,50
AP_ANP_00363,Kharif,2025,55,98,44,94,67,71.6,Sunflower,Low,29
AP_ANP_00363,Rabi,2025,63,66,69,97,84,75.8,Red Gram,Low,16
AP_ANP_00363,Summer,2025,81,86,92,98,77,86.8,Sunflower,High,43
AP_ANP_00364,Kharif,2025,92,54,71,65,87,73.8,Red Gram,High,38
AP_ANP_00364,Rabi,2025,93,97,90,78,43,80.2,Red Gram,High,38
AP_ANP_00364,Summer,2025,91,50,72,77,97,77.4,Red Gram,High,30
AP_ANP_00365,Kharif,2025,78,70,77,85,41,70.2,Red Gram,Low,56
AP_ANP_00365,Rabi,2025,57,98,40,74,74,68.6,Bengal Gram,High,34
AP_ANP_00365,Summer,2025,82,77,59,42,90,70.0,Pearl Millet,High,53
AP_ANP_00366,Kharif,2025,49,44,48,41,73,51.0,Bengal Gram,High,40
AP_ANP_00366,Rabi,2025,49,89,51,75,93,71.4,Sunflower,Low,15
AP_ANP_00366,Summer,2025,87,88,42,49,44,62.0,Pearl Millet,Medium,54
AP_ANP_00367,Kharif,2025,65,77,83,65,47,67.4,Sunflower,Low,25
AP_ANP_00367,Rabi,2025,40,55,76,42,91,60.8,Sunflower,Medium,52
AP_ANP_00367,Summer,2025,60,41,93,66,77,67.4,Pearl Millet,Low,47
AP_ANP_00368,Kharif,2025,85,64,50,47,47,58.6,Foxtail Millet,Medium,47
AP_ANP_00368,Rabi,2025,60,47,90,93,60,70.0,Bengal Gram,Medium,55
AP_ANP_00368,Summer,2025,70,89,96,68,87,82.0,Foxtail Millet,Low,35
AP_ANP_00369,Kharif,2025,49,68,93,55,75,68.0,Bengal Gram,Low,46
AP_ANP_00369,Rabi,2025,61,46,62,80,79,65.6,Sunflower,Low,37
AP_ANP_00369,Summer,2025,87,77,70,53,92,75.8,Foxtail Millet,Medium,36
AP_ANP_00370,Kharif,2025,63,52,65,68,90,67.6,Foxtail Millet,Medium,37
AP_ANP_00370,Rabi,2025,47,62,68,44,81,60.4,Pearl Millet,Medium,36
AP_ANP_00370,Summer,2025,97,85,41,64,48,67.0,Sunflower,Medium,32
AP_ANP_00371,Kharif,2025,49,81,91,64,93,75.6,Sunflower,High,15
AP_ANP_00371,Rabi,2025,92,41,97,97,57,76.8,Pearl Millet,Low,46
AP_ANP_00371,Summer,2025,59,78,63,87,59,69.2,Foxtail Millet,Low,10
AP_ANP_00372,Kharif,2025,92,91,84,69,80,83.2,Red Gram,High,20
AP_ANP_00372,Rabi,2025,63,61,83,84,65,71.2,Sunflower,Low,19
AP_ANP_00372,Summer,2025,74,63,67,75,55,66.8,Red Gram,Medium,24
AP_ANP_00373,Kharif,2025,55,54,96,73,50,65.6,Foxtail Millet,High,60
AP_ANP_00373,Rabi,2025,43,82,44,74,52,59.0,Pearl Millet,Low,43
AP_ANP_00373,Summer,2025,78,80,81,89,62,78.0,Red Gram,Medium,21
AP_ANP_00374,Kharif,2025,46,88,65,72,76,69.4,Pearl Millet,High,16
AP_ANP_00374,Rabi,2025,71,43,59,89,92,70.8,Bengal Gram,Low,22
AP_ANP_00374,Summer,2025,40,99,95,74,87,79.0,Bengal Gram,Low,34
AP_ANP_00375,Kharif,2025,55,97,58,40,44,58.8,Red Gram,Low,52
AP_ANP_00375,Rabi,2025,84,91,76,92,75,83.6,Bengal Gram,Low,27
AP_ANP_00375,Summer,2025,89,55,80,57,61,68.4,Pearl Millet,Medium,53
AP_ANP_00376,Kharif,2025,78,86,78,68,93,80.6,Pearl Millet,Medium,25
AP_ANP_00376,Rabi,2025,99,70,90,48,70,75.4,Foxtail Millet,Low,57
AP_ANP_00376,Summer,2025,85,53,98,72,74,76.4,Pearl Millet,Medium,56
AP_ANP_00377,Kharif,2025,90,59,41,90,80,72.0,Red Gram,High,27
AP_ANP_00377,Rabi,2025,55,43,51,68,46,52.6,Bengal Gram,Medium,26
AP_ANP_00377,Summer,2025,97,81,71,49,82,76.0,Foxtail Millet,High,51
AP_ANP_00378,Kharif,2025,48,88,72,75,75,71.6,Pearl Millet,Medium,38
AP_ANP_00378,Rabi,2025,89,53,64,54,45,61.0,Pearl Millet,Low,38
AP_ANP_00378,Summer,2025,43,57,89,96,88,74.6,Bengal Gram,High,20
AP_ANP_00379,Kharif,2025,53,42,90,89,81,71.0,Sunflower,Medium,29
AP_ANP_00379,Rabi,2025,97,87,64,96,77,84.2,Sunflower,Medium,23
AP_ANP_00379,Summer,2025,72,67,91,76,47,70.6,Bengal Gram,High,14
AP_ANP_00380,Kharif,2025,93,44,70,84,48,67.8,Pearl Millet,Low,12
AP_ANP_00380,Rabi,2025,69,89,51,68,42,63.8,Pearl Millet,Medium,39
AP_ANP_00380,Summer,2025,48,65,41,42,85,56.2,Bengal Gram,Medium,22
AP_ANP_00381,Kharif,2025,78,83,74,94,62,78.2,Foxtail Millet,Low,50
AP_ANP_00381,Rabi,2025,83,70,83,86,41,72.6,Pearl Millet,Medium,14
AP_ANP_00381,Summer,2025,97,81,83,49,95,81.0,Red Gram,Medium,43
AP_ANP_00382,Kharif,2025,76,69,46,45,93,65.8,Red Gram,High,35
AP_ANP_00382,Rabi,2025,96,63,92,45,82,75.6,Bengal Gram,Medium,51
AP_ANP_00382,Summer,2025,51,88,75,41,50,61.0,Pearl Millet,Medium,30
AP_ANP_00383,Kharif,2025,75,79,91,85,83,82.6,Sunflower,Low,59
AP_ANP_00383,Rabi,2025,82,99,69,47,73,74.0,Foxtail Millet,High,60
AP_ANP_00383,Summer,2025,59,79,64,58,44,60.8,Red Gram,High,17
AP_ANP_00384,Kharif,2025,58,62,66,79,71,67.2,Pearl Millet,Medium,28
AP_ANP_00384,Rabi,2025,89,81,68,78,99,83.0,Foxtail Millet,Low,46
AP_ANP_00384,Summer,2025,58,72,86,55,62,66.6,Pearl Millet,Low,17
AP_ANP_00385,Kharif,2025,44,81,67,92,44,65.6,Foxtail Millet,Medium,31
AP_ANP_00385,Rabi,2025,54,52,67,72,82,65.4,Foxtail Millet,Medium,59
AP_ANP_00385,Summer,2025,92,69,65,55,52,66.6,Foxtail Millet,Medium,10
AP_ANP_00386,Kharif,2025,88,77,41,88,45,67.8,Pearl Millet,Medium,33
AP_ANP_00386,Rabi,2025,57,66,80,47,67,63.4,Pearl Millet,Low,38
AP_ANP_00386,Summer,2025,97,45,53,61,93,69.8,Pearl Millet,Medium,44
AP_ANP_00387,Kharif,2025,53,61,90,62,87,70.6,Pearl Millet,High,30
AP_ANP_00387,Rabi,2025,80,49,92,94,98,82.6,Foxtail Millet,Low,11
AP_ANP_00387,Summer,2025,64,52,73,90,97,75.2,Pearl Millet,Low,12
AP_ANP_00388,Kharif,2025,81,95,98,45,94,82.6,Foxtail Millet,High,27
AP_ANP_00388,Rabi,2025,78,48,91,51,44,62.4,Red Gram,Low,39
AP_ANP_00388,Summer,2025,43,44,40,66,67,52.0,Sunflower,High,22
AP_ANP_00389,Kharif,2025,80,41,76,84,55,67.2,Red Gram,Medium,20
AP_ANP_00389,Rabi,2025,94,97,85,68,74,83.6,Bengal Gram,Low,50
AP_ANP_00389,Summer,2025,82,55,49,88,71,69.0,Red Gram,Medium,32
AP_ANP_00390,Kharif,2025,41,77,70,90,79,71.4,Pearl Millet,High,23
AP_ANP_00390,Rabi,2025,64,87,40,92,42,65.0,Pearl Millet,High,47
AP_ANP_00390,Summer,2025,62,60,96,40,60,63.6,Red Gram,High,15
AP_ANP_00391,Kharif,2025,94,83,75,67,84,80.6,Foxtail Millet,High,49
AP_ANP_00391,Rabi,2025,97,91,42,51,78,71.8,Bengal Gram,Low,55
AP_ANP_00391,Summer,2025,61,62,69,44,48,56.8,Sunflower,High,44
AP_ANP_00392,Kharif,2025,66,88,41,63,70,65.6,Foxtail Millet,Medium,55
AP_ANP_00392,Rabi,2025,76,90,67,99,70,80.4,Red Gram,Low,11
AP_ANP_00392,Summer,2025,79,80,66,74,41,68.0,Sunflower,High,14
AP_ANP_00393,Kharif,2025,91,84,60,68,59,72.4,Sunflower,Low,59
AP_ANP_00393,Rabi,2025,64,41,96,71,65,67.4,Foxtail Millet,Low,42
AP_ANP_00393,Summer,2025,40,90,44,52,58,56.8,Bengal Gram,Medium,60
AP_ANP_00394,Kharif,2025,74,51,69,44,73,62.2,Sunflower,Low,12
AP_ANP_00394,Rabi,2025,99,92,59,70,44,72.8,Foxtail Millet,Low,59
AP_ANP_00394,Summer,2025,59,99,55,89,91,78.6,Bengal Gram,Medium,51
AP_ANP_00395,Kharif,2025,78,64,85,71,63,72.2,Bengal Gram,Low,59
AP_ANP_00395,Rabi,2025,62,89,52,99,98,80.0,Pearl Millet,Medium,58
AP_ANP_00395,Summer,2025,44,61,55,80,49,57.8,Pearl Millet,Low,16
AP_ANP_00396,Kharif,2025,43,65,44,99,94,69.0,Red Gram,Low,27
AP_ANP_00396,Rabi,2025,68,62,92,53,54,65.8,Foxtail Millet,Low,30
AP_ANP_00396,Summer,2025,56,62,96,82,56,70.4,Pearl Millet,Medium,29
AP_ANP_00397,Kharif,2025,69,58,92,78,95,78.4,Sunflower,High,55
AP_ANP_00397,Rabi,2025,72,78,79,57,48,66.8,Foxtail Millet,High,26
AP_ANP_00397,Summer,2025,58,66,45,74,95,67.6,Sunflower,Medium,34
AP_ANP_00398,Kharif,2025,43,49,49,63,60,52.8,Red Gram,Medium,35
AP_ANP_00398,Rabi,2025,69,88,55,46,55,62.6,Red Gram,Medium,49
AP_ANP_00398,Summer,2025,51,74,88,60,89,72.4,Red Gram,Medium,26
AP_ANP_00399,Kharif,2025,71,80,45,63,66,65.0,Bengal Gram,High,18
AP_ANP_00399,Rabi,2025,67,92,77,42,59,67.4,Foxtail Millet,High,46
AP_ANP_00399,Summer,2025,45,84,73,86,54,68.4,Sunflower,High,23
AP_ANP_00400,Kharif,2025,97,93,46,85,97,83.6,Red Gram,High,51
AP_ANP_00400,Rabi,2025,71,56,53,79,75,66.8,Pearl Millet,Low,54
AP_ANP_00400,Summer,2025,93,66,64,98,71,78.4,Bengal Gram,Medium,27
AP_ANP_00401,Kharif,2025,76,65,48,99,74,72.4,Bengal Gram,High,31
AP_ANP_00401,Rabi,2025,58,69,92,67,74,72.0,Red Gram,High,40
AP_ANP_00401,Summer,2025,88,87,78,75,69,79.4,Red Gram,Low,40
AP_ANP_00402,Kharif,2025,82,76,76,54,68,71.2,Pearl Millet,Low,53
AP_ANP_00402,Rabi,2025,41,59,54,91,43,57.6,Pearl Millet,Low,35
AP_ANP_00402,Summer,2025,90,50,67,95,41,68.6,Red Gram,High,20
AP_ANP_00403,Kharif,2025,76,57,94,89,53,73.8,Pearl Millet,Medium,44
AP_ANP_00403,Rabi,2025,50,83,51,42,92,63.6,Bengal Gram,Medium,34
AP_ANP_00403,Summer,2025,60,49,82,54,58,60.6,Sunflower,Low,53
AP_ANP_00404,Kharif,2025,71,89,62,52,44,63.6,Bengal Gram,Low,17
AP_ANP_00404,Rabi,2025,48,96,90,74,76,76.8,Sunflower,Low,42
AP_ANP_00404,Summer,2025,47,90,88,56,82,72.6,Pearl Millet,High,23
AP_ANP_00405,Kharif,2025,42,51,75,51,84,60.6,Pearl Millet,Medium,32
AP_ANP_00405,Rabi,2025,68,56,71,46,69,62.0,Bengal Gram,Medium,39
AP_ANP_00405,Summer,2025,56,71,85,45,90,69.4,Red Gram,Low,46
AP_ANP_00406,Kharif,2025,95,63,77,73,79,77.4,Red Gram,Medium,33
AP_ANP_00406,Rabi,2025,40,57,83,51,96,65.4,Red Gram,Low,16
AP_ANP_00406,Summer,2025,62,60,73,50,61,61.2,Pearl Millet,Low,38
AP_ANP_00407,Kharif,2025,81,67,98,57,53,71.2,Pearl Millet,High,17
AP_ANP_00407,Rabi,2025,81,93,84,92,47,79.4,Bengal Gram,Medium,14
AP_ANP_00407,Summer,2025,72,88,73,69,47,69.8,Pearl Millet,Low,43
AP_ANP_00408,Kharif,2025,46,79,67,78,78,69.6,Bengal Gram,Low,59
AP_ANP_00408,Rabi,2025,77,43,81,57,83,68.2,Foxtail Millet,Medium,37
AP_ANP_00408,Summer,2025,44,42,83,70,86,65.0,Pearl Millet,High,28
AP_ANP_00409,Kharif,2025,87,99,50,79,42,71.4,Sunflower,Low,43
AP_ANP_00409,Rabi,2025,81,58,97,48,87,74.2,Red Gram,Medium,57
AP_ANP_00409,Summer,2025,84,81,64,91,53,74.6,Bengal Gram,Medium,48
AP_ANP_00410,Kharif,2025,94,54,55,66,79,69.6,Pearl Millet,Medium,60
AP_ANP_00410,Rabi,2025,58,67,60,98,86,73.8,Foxtail Millet,High,28
AP_ANP_00410,Summer,2025,69,61,42,76,80,65.6,Pearl Millet,High,11
AP_ANP_00411,Kharif,2025,51,93,45,82,98,73.8,Bengal Gram,Medium,39
AP_ANP_00411,Rabi,2025,41,48,86,41,68,56.8,Foxtail Millet,High,53
AP_ANP_00411,Summer,2025,94,47,76,93,99,81.8,Foxtail Millet,High,53
AP_ANP_00412,Kharif,2025,79,84,58,71,66,71.6,Foxtail Millet,High,42
AP_ANP_00412,Rabi,2025,79,71,44,56,47,59.4,Foxtail Millet,Low,18
AP_ANP_00412,Summer,2025,95,62,74,89,46,73.2,Sunflower,High,59
AP_ANP_00413,Kharif,2025,64,42,99,94,85,76.8,Pearl Millet,Medium,20
AP_ANP_00413,Rabi,2025,87,47,78,82,74,73.6,Foxtail Millet,Low,17
AP_ANP_00413,Summer,2025,93,76,66,67,79,76.2,Pearl Millet,Medium,53
AP_ANP_00414,Kharif,2025,56,72,86,85,91,78.0,Sunflower,Medium,58
AP_ANP_00414,Rabi,2025,68,52,60,97,60,67.4,Sunflower,Low,60
AP_ANP_00414,Summer,2025,96,52,40,59,96,68.6,Pearl Millet,Medium,50
AP_ANP_00415,Kharif,2025,42,50,51,49,64,51.2,Foxtail Millet,Low,20
AP_ANP_00415,Rabi,2025,93,75,78,92,65,80.6,Foxtail Millet,Low,13
AP_ANP_00415,Summer,2025,69,51,95,74,52,68.2,Bengal Gram,Medium,52
AP_ANP_00416,Kharif,2025,62,43,91,55,46,59.4,Sunflower,High,42
AP_ANP_00416,Rabi,2025,97,68,98,78,51,78.4,Red Gram,Medium,51
AP_ANP_00416,Summer,2025,87,65,79,48,80,71.8,Pearl Millet,High,45
AP_ANP_00417,Kharif,2025,64,63,83,56,41,61.4,Sunflower,Medium,59
AP_ANP_00417,Rabi,2025,67,99,66,54,70,71.2,Foxtail Millet,High,21
AP_ANP_00417,Summer,2025,76,48,62,47,71,60.8,Red Gram,Medium,30
AP_ANP_00418,Kharif,2025,84,70,76,87,97,82.8,Red Gram,Low,22
AP_ANP_00418,Rabi,2025,67,82,64,90,74,75.4,Red Gram,High,48
AP_ANP_00418,Summer,2025,76,94,89,61,47,73.4,Foxtail Millet,High,42
AP_ANP_00419,Kharif,2025,85,56,81,51,87,72.0,Red Gram,Medium,32
AP_ANP_00419,Rabi,2025,99,81,88,98,68,86.8,Pearl Millet,High,26
AP_ANP_00419,Summer,2025,55,58,95,95,47,70.0,Sunflower,Medium,45
AP_ANP_00420,Kharif,2025,65,70,83,99,51,73.6,Foxtail Millet,Low,48
AP_ANP_00420,Rabi,2025,81,87,51,71,64,70.8,Pearl Millet,High,15
AP_ANP_00420,Summer,2025,97,83,82,91,74,85.4,Pearl Millet,Medium,14
AP_ANP_00421,Kharif,2025,57,55,47,64,71,58.8,Pearl Millet,Low,40
AP_ANP_00421,Rabi,2025,82,49,95,96,51,74.6,Sunflower,High,29
AP_ANP_00421,Summer,2025,44,62,48,97,98,69.8,Sunflower,Medium,55
AP_ANP_00422,Kharif,2025,61,47,98,59,90,71.0,Sunflower,Medium,20
AP_ANP_00422,Rabi,2025,93,79,72,70,98,82.4,Bengal Gram,High,16
AP_ANP_00422,Summer,2025,97,88,93,62,85,85.0,Foxtail Millet,High,47
AP_ANP_00423,Kharif,2025,59,73,88,83,83,77.2,Foxtail Millet,High,44
AP_ANP_00423,Rabi,2025,59,57,84,83,66,69.8,Red Gram,Medium,58
AP_ANP_00423,Summer,2025,75,62,71,49,50,61.4,Red Gram,Medium,56
AP_ANP_00424,Kharif,2025,73,75,76,56,79,71.8,Bengal Gram,Low,28
AP_ANP_00424,Rabi,2025,42,57,92,90,58,67.8,Pearl Millet,Medium,52
AP_ANP_00424,Summer,2025,78,88,88,51,84,77.8,Pearl Millet,High,10
AP_ANP_00425,Kharif,2025,88,75,60,76,91,78.0,Foxtail Millet,Low,51
AP_ANP_00425,Rabi,2025,56,68,69,46,72,62.2,Pearl Millet,High,18
AP_ANP_00425,Summer,2025,51,74,43,75,67,62.0,Foxtail Millet,Medium,28
AP_ANP_00426,Kharif,2025,81,76,78,63,55,70.6,Foxtail Millet,High,16
AP_ANP_00426,Rabi,2025,50,70,68,52,70,62.0,Pearl Millet,Low,20
AP_ANP_00426,Summer,2025,73,78,43,50,68,62.4,Pearl Millet,High,48
AP_ANP_00427,Kharif,2025,52,76,56,60,83,65.4,Bengal Gram,High,47
AP_ANP_00427,Rabi,2025,47,52,76,41,80,59.2,Red Gram,High,35
AP_ANP_00427,Summer,2025,46,96,78,58,45,64.6,Red Gram,High,48
AP_ANP_00428,Kharif,2025,41,58,43,97,45,56.8,Foxtail Millet,Medium,37
AP_ANP_00428,Rabi,2025,69,46,48,64,72,59.8,Foxtail Millet,Medium,27
AP_ANP_00428,Summer,2025,49,67,50,72,40,55.6,Sunflower,Medium,10
AP_ANP_00429,Kharif,2025,91,42,57,80,53,64.6,Red Gram,Medium,55
AP_ANP_00429,Rabi,2025,68,75,76,65,92,75.2,Foxtail Millet,Medium,34
AP_ANP_00429,Summer,2025,41,94,61,44,43,56.6,Bengal Gram,High,30
AP_ANP_00430,Kharif,2025,52,93,76,94,64,75.8,Pearl Millet,Medium,29
AP_ANP_00430,Rabi,2025,72,53,95,75,56,70.2,Sunflower,High,55
AP_ANP_00430,Summer,2025,55,95,59,68,67,68.8,Red Gram,High,42
AP_ANP_00431,Kharif,2025,41,54,61,99,49,60.8,Pearl Millet,Medium,58
AP_ANP_00431,Rabi,2025,66,52,72,44,65,59.8,Sunflower,High,23
AP_ANP_00431,Summer,2025,63,42,86,90,88,73.8,Red Gram,Medium,23
AP_ANP_00432,Kharif,2025,51,67,83,68,82,70.2,Foxtail Millet,Medium,30
AP_ANP_00432,Rabi,2025,96,62,59,50,96,72.6,Foxtail Millet,Medium,19
AP_ANP_00432,Summer,2025,82,99,45,75,63,72.8,Bengal Gram,Medium,32
AP_ANP_00433,Kharif,2025,66,97,96,84,76,83.8,Foxtail Millet,Low,31
AP_ANP_00433,Rabi,2025,80,63,64,54,65,65.2,Red Gram,Medium,47
AP_ANP_00433,Summer,2025,45,93,74,81,40,66.6,Bengal Gram,High,21
AP_ANP_00434,Kharif,2025,77,50,51,81,89,69.6,Red Gram,High,40
AP_ANP_00434,Rabi,2025,72,52,57,80,97,71.6,Foxtail Millet,High,50
AP_ANP_00434,Summer,2025,49,99,41,77,54,64.0,Red Gram,Medium,15
AP_ANP_00435,Kharif,2025,42,95,50,54,84,65.0,Bengal Gram,High,47
AP_ANP_00435,Rabi,2025,86,96,89,89,46,81.2,Pearl Millet,Medium,50
AP_ANP_00435,Summer,2025,63,41,79,59,73,63.0,Red Gram,Medium,47
AP_ANP_00436,Kharif,2025,69,81,44,50,40,56.8,Pearl Millet,Medium,28
AP_ANP_00436,Rabi,2025,41,60,59,62,60,56.4,Bengal Gram,Medium,31
AP_ANP_00436,Summer,2025,59,57,40,69,72,59.4,Bengal Gram,Low,33
AP_ANP_00437,Kharif,2025,99,70,94,52,55,74.0,Sunflower,Medium,35
AP_ANP_00437,Rabi,2025,41,55,77,85,40,59.6,Foxtail Millet,High,44
AP_ANP_00437,Summer,2025,82,68,76,56,97,75.8,Pearl Millet,Medium,52
AP_ANP_00438,Kharif,2025,42,91,49,98,81,72.2,Bengal Gram,Medium,39
AP_ANP_00438,Rabi,2025,71,71,81,71,65,71.8,Red Gram,Medium,51
AP_ANP_00438,Summer,2025,41,56,69,95,78,67.8,Bengal Gram,Low,31
AP_ANP_00439,Kharif,2025,73,85,88,40,48,66.8,Bengal Gram,Medium,45
AP_ANP_00439,Rabi,2025,99,79,84,43,48,70.6,Foxtail Millet,Medium,27
AP_ANP_00439,Summer,2025,51,81,82,78,48,68.0,Red Gram,High,56
AP_ANP_00440,Kharif,2025,46,55,44,55,40,48.0,Red Gram,Low,28
AP_ANP_00440,Rabi,2025,93,76,56,65,61,70.2,Sunflower,Medium,11
AP_ANP_00440,Summer,2025,69,86,59,99,57,74.0,Red Gram,High,33
AP_ANP_00441,Kharif,2025,95,43,76,43,52,61.8,Foxtail Millet,Low,33
AP_ANP_00441,Rabi,2025,41,87,72,97,58,71.0,Foxtail Millet,Medium,48
AP_ANP_00441,Summer,2025,49,40,81,60,48,55.6,Bengal Gram,High,44
AP_ANP_00442,Kharif,2025,96,44,80,97,61,75.6,Foxtail Millet,Medium,32
AP_ANP_00442,Rabi,2025,83,64,66,80,45,67.6,Pearl Millet,High,58
AP_ANP_00442,Summer,2025,72,90,99,45,76,76.4,Pearl Millet,High,38
AP_ANP_00443,Kharif,2025,97,53,75,75,92,78.4,Pearl Millet,Medium,30
AP_ANP_00443,Rabi,2025,67,43,55,61,51,55.4,Red Gram,Medium,51
AP_ANP_00443,Summer,2025,76,68,57,49,81,66.2,Pearl Millet,Medium,30
AP_ANP_00444,Kharif,2025,40,54,43,99,59,59.0,Pearl Millet,High,43
AP_ANP_00444,Rabi,2025,99,85,87,72,73,83.2,Sunflower,Medium,29
AP_ANP_00444,Summer,2025,40,52,40,44,55,46.2,Foxtail Millet,Medium,32
AP_ANP_00445,Kharif,2025,87,84,82,56,88,79.4,Pearl Millet,Low,20
AP_ANP_00445,Rabi,2025,67,81,71,74,98,78.2,Foxtail Millet,High,19
AP_ANP_00445,Summer,2025,47,60,52,98,89,69.2,Sunflower,Low,40
AP_ANP_00446,Kharif,2025,56,50,59,87,48,60.0,Pearl Millet,Low,13
AP_ANP_00446,Rabi,2025,75,93,97,64,42,74.2,Foxtail Millet,High,21
AP_ANP_00446,Summer,2025,49,73,82,49,69,64.4,Pearl Millet,High,11
AP_ANP_00447,Kharif,2025,71,81,55,51,40,59.6,Sunflower,Medium,59
AP_ANP_00447,Rabi,2025,52,54,92,83,47,65.6,Pearl Millet,High,59
AP_ANP_00447,Summer,2025,58,86,77,98,50,73.8,Sunflower,Medium,29
AP_ANP_00448,Kharif,2025,60,57,96,89,49,70.2,Pearl Millet,Low,18
AP_ANP_00448,Rabi,2025,85,90,70,81,94,84.0,Bengal Gram,Medium,15
AP_ANP_00448,Summer,2025,53,43,65,86,87,66.8,Foxtail Millet,Medium,60
AP_ANP_00449,Kharif,2025,88,45,68,50,55,61.2,Foxtail Millet,High,16
AP_ANP_00449,Rabi,2025,65,95,61,64,58,68.6,Pearl Millet,Low,45
AP_ANP_00449,Summer,2025,62,86,52,64,41,61.0,Pearl Millet,Medium,37
AP_ANP_00450,Kharif,2025,52,74,80,52,70,65.6,Sunflower,Medium,43
AP_ANP_00450,Rabi,2025,47,98,80,87,41,70.6,Pearl Millet,Medium,50
AP_ANP_00450,Summer,2025,40,80,49,94,43,61.2,Red Gram,High,56
AP_ANP_00451,Kharif,2025,50,53,77,51,84,63.0,Foxtail Millet,Low,11
AP_ANP_00451,Rabi,2025,50,80,42,68,57,59.4,Bengal Gram,Medium,43
AP_ANP_00451,Summer,2025,88,93,70,97,79,85.4,Pearl Millet,High,27
AP_ANP_00452,Kharif,2025,69,64,58,47,67,61.0,Red Gram,Medium,31
AP_ANP_00452,Rabi,2025,56,75,56,53,90,66.0,Foxtail Millet,Medium,30
AP_ANP_00452,Summer,2025,51,76,71,50,59,61.4,Red Gram,Medium,55
AP_ANP_00453,Kharif,2025,50,91,47,43,66,59.4,Bengal Gram,Medium,56
AP_ANP_00453,Rabi,2025,69,83,87,87,66,78.4,Sunflower,High,13
AP_ANP_00453,Summer,2025,50,52,48,43,51,48.8,Foxtail Millet,Medium,35
AP_ANP_00454,Kharif,2025,77,81,52,78,67,71.0,Pearl Millet,Low,28
AP_ANP_00454,Rabi,2025,88,52,52,97,67,71.2,Sunflower,Medium,31
AP_ANP_00454,Summer,2025,52,97,48,72,53,64.4,Sunflower,Low,24
AP_ANP_00455,Kharif,2025,71,72,56,63,69,66.2,Sunflower,High,56
AP_ANP_00455,Rabi,2025,87,55,41,56,71,62.0,Red Gram,Medium,12
AP_ANP_00455,Summer,2025,51,59,55,53,55,54.6,Red Gram,Medium,52
AP_ANP_00456,Kharif,2025,88,90,93,72,69,82.4,Red Gram,High,27
AP_ANP_00456,Rabi,2025,67,62,53,69,72,64.6,Sunflower,Medium,16
AP_ANP_00456,Summer,2025,54,91,81,85,77,77.6,Foxtail Millet,Medium,20
AP_ANP_00457,Kharif,2025,68,70,64,91,93,77.2,Foxtail Millet,Medium,31
AP_ANP_00457,Rabi,2025,59,72,47,64,85,65.4,Foxtail Millet,High,32
AP_ANP_00457,Summer,2025,44,94,64,47,55,60.8,Sunflower,High,24
AP_ANP_00458,Kharif,2025,40,61,42,77,93,62.6,Bengal Gram,Medium,50
AP_ANP_00458,Rabi,2025,57,42,49,88,78,62.8,Foxtail Millet,Low,36
AP_ANP_00458,Summer,2025,50,88,44,46,58,57.2,Foxtail Millet,Medium,24
AP_ANP_00459,Kharif,2025,74,86,76,94,51,76.2,Bengal Gram,Low,18
AP_ANP_00459,Rabi,2025,97,80,78,65,41,72.2,Red Gram,High,18
AP_ANP_00459,Summer,2025,52,67,66,90,91,73.2,Foxtail Millet,Medium,10
AP_ANP_00460,Kharif,2025,57,90,48,52,79,65.2,Sunflower,Low,53
AP_ANP_00460,Rabi,2025,85,43,72,63,75,67.6,Red Gram,Medium,19
AP_ANP_00460,Summer,2025,75,59,80,84,83,76.2,Red Gram,High,27
AP_ANP_00461,Kharif,2025,69,83,87,76,59,74.8,Foxtail Millet,High,34
AP_ANP_00461,Rabi,2025,50,48,89,64,74,65.0,Bengal Gram,High,23
AP_ANP_00461,Summer,2025,40,56,64,98,47,61.0,Sunflower,Medium,44
AP_ANP_00462,Kharif,2025,58,62,48,93,69,66.0,Pearl Millet,High,11
AP_ANP_00462,Rabi,2025,53,85,40,65,97,68.0,Foxtail Millet,High,35
AP_ANP_00462,Summer,2025,86,83,55,53,68,69.0,Red Gram,Medium,11
AP_ANP_00463,Kharif,2025,66,49,74,62,88,67.8,Bengal Gram,Low,23
AP_ANP_00463,Rabi,2025,92,81,68,40,43,64.8,Foxtail Millet,Medium,26
AP_ANP_00463,Summer,2025,78,62,71,91,54,71.2,Sunflower,Medium,28
AP_ANP_00464,Kharif,2025,63,84,63,50,98,71.6,Pearl Millet,Low,18
AP_ANP_00464,Rabi,2025,91,67,40,56,70,64.8,Bengal Gram,Medium,46
AP_ANP_00464,Summer,2025,68,57,86,77,78,73.2,Foxtail Millet,High,21
AP_ANP_00465,Kharif,2025,92,53,83,94,49,74.2,Bengal Gram,Medium,16
AP_ANP_00465,Rabi,2025,97,80,49,49,87,72.4,Sunflower,Medium,39
AP_ANP_00465,Summer,2025,76,94,42,89,82,76.6,Sunflower,Medium,21
AP_ANP_00466,Kharif,2025,43,86,48,78,81,67.2,Sunflower,Medium,54
AP_ANP_00466,Rabi,2025,79,83,61,63,90,75.2,Pearl Millet,Low,42
AP_ANP_00466,Summer,2025,55,61,88,96,89,77.8,Red Gram,High,59
AP_ANP_00467,Kharif,2025,65,47,45,69,78,60.8,Pearl Millet,High,54
AP_ANP_00467,Rabi,2025,48,70,46,48,52,52.8,Pearl Millet,High,42
AP_ANP_00467,Summer,2025,60,70,91,73,71,73.0,Foxtail Millet,High,41
AP_ANP_00468,Kharif,2025,45,84,60,72,71,66.4,Bengal Gram,Medium,37
AP_ANP_00468,Rabi,2025,70,60,93,73,54,70.0,Red Gram,Medium,24
AP_ANP_00468,Summer,2025,45,91,48,76,59,63.8,Pearl Millet,Low,27
AP_ANP_00469,Kharif,2025,67,94,90,48,71,74.0,Red Gram,Medium,15
AP_ANP_00469,Rabi,2025,53,67,97,63,52,66.4,Red Gram,High,28
AP_ANP_00469,Summer,2025,60,66,97,58,63,68.8,Pearl Millet,High,55
AP_ANP_00470,Kharif,2025,95,57,83,75,81,78.2,Sunflower,Low,53
AP_ANP_00470,Rabi,2025,84,98,68,43,49,68.4,Foxtail Millet,High,56
AP_ANP_00470,Summer,2025,41,96,64,88,45,66.8,Pearl Millet,High,36
AP_ANP_00471,Kharif,2025,64,57,93,40,87,68.2,Red Gram,Medium,50
AP_ANP_00471,Rabi,2025,76,90,54,47,77,68.8,Pearl Millet,High,56
AP_ANP_00471,Summer,2025,65,78,49,77,53,64.4,Foxtail Millet,High,39
AP_ANP_00472,Kharif,2025,44,94,70,46,58,62.4,Bengal Gram,High,33
AP_ANP_00472,Rabi,2025,73,96,62,87,84,80.4,Foxtail Millet,Medium,20
AP_ANP_00472,Summer,2025,44,96,56,91,46,66.6,Red Gram,Medium,24
AP_ANP_00473,Kharif,2025,85,52,50,99,84,74.0,Pearl Millet,High,33
AP_ANP_00473,Rabi,2025,68,48,81,43,88,65.6,Pearl Millet,Medium,42
AP_ANP_00473,Summer,2025,68,78,99,49,48,68.4,Red Gram,Medium,12
AP_ANP_00474,Kharif,2025,93,94,53,97,64,80.2,Pearl Millet,High,57
AP_ANP_00474,Rabi,2025,46,75,89,63,66,67.8,Sunflower,Low,36
AP_ANP_00474,Summer,2025,78,54,65,40,95,66.4,Bengal Gram,High,10
AP_ANP_00475,Kharif,2025,82,89,85,61,50,73.4,Pearl Millet,Medium,26
AP_ANP_00475,Rabi,2025,75,95,86,65,87,81.6,Sunflower,Medium,20
AP_ANP_00475,Summer,2025,50,45,40,93,45,54.6,Sunflower,Medium,40
AP_ANP_00476,Kharif,2025,61,76,86,66,89,75.6,Bengal Gram,Medium,56
AP_ANP_00476,Rabi,2025,97,44,97,75,71,76.8,Pearl Millet,Low,51
AP_ANP_00476,Summer,2025,87,49,89,56,69,70.0,Sunflower,Low,10
AP_ANP_00477,Kharif,2025,40,86,72,77,64,67.8,Pearl Millet,Low,37
AP_ANP_00477,Rabi,2025,72,76,80,69,96,78.6,Foxtail Millet,High,58
AP_ANP_00477,Summer,2025,86,95,40,51,44,63.2,Foxtail Millet,Low,10
AP_ANP_00478,Kharif,2025,71,81,81,42,88,72.6,Red Gram,Medium,38
AP_ANP_00478,Rabi,2025,89,41,48,95,56,65.8,Bengal Gram,Medium,26
AP_ANP_00478,Summer,2025,88,51,99,59,89,77.2,Red Gram,High,59
AP_ANP_00479,Kharif,2025,43,56,89,76,85,69.8,Pearl Millet,Medium,25
AP_ANP_00479,Rabi,2025,50,94,59,77,63,68.6,Sunflower,High,25
AP_ANP_00479,Summer,2025,69,73,40,63,63,61.6,Foxtail Millet,Low,26
AP_ANP_00480,Kharif,2025,64,67,54,69,90,68.8,Red Gram,High,40
AP_ANP_00480,Rabi,2025,66,51,85,70,71,68.6,Foxtail Millet,Low,44
AP_ANP_00480,Summer,2025,92,85,60,49,55,68.2,Bengal Gram,Medium,34
AP_ANP_00481,Kharif,2025,70,50,87,59,75,68.2,Foxtail Millet,Medium,39
AP_ANP_00481,Rabi,2025,74,80,77,61,92,76.8,Red Gram,High,36
AP_ANP_00481,Summer,2025,76,85,88,74,43,73.2,Sunflower,Low,45
AP_ANP_00482,Kharif,2025,58,97,56,84,65,72.0,Pearl Millet,Low,37
AP_ANP_00482,Rabi,2025,40,83,75,82,76,71.2,Pearl Millet,Medium,47
AP_ANP_00482,Summer,2025,60,48,52,50,55,53.0,Red Gram,Medium,53
AP_ANP_00483,Kharif,2025,47,82,81,52,96,71.6,Foxtail Millet,Low,12
AP_ANP_00483,Rabi,2025,69,91,52,58,46,63.2,Foxtail Millet,Medium,49
AP_ANP_00483,Summer,2025,61,57,62,41,89,62.0,Pearl Millet,Medium,42
AP_ANP_00484,Kharif,2025,53,55,50,72,46,55.2,Sunflower,Low,55
AP_ANP_00484,Rabi,2025,86,53,67,92,82,76.0,Red Gram,Low,35
AP_ANP_00484,Summer,2025,45,82,88,48,89,70.4,Foxtail Millet,Medium,32
AP_ANP_00485,Kharif,2025,93,93,44,82,75,77.4,Red Gram,Medium,33
AP_ANP_00485,Rabi,2025,94,96,56,78,65,77.8,Bengal Gram,Medium,21
AP_ANP_00485,Summer,2025,40,60,58,60,91,61.8,Pearl Millet,High,12
AP_ANP_00486,Kharif,2025,88,83,71,49,79,74.0,Sunflower,Low,37
AP_ANP_00486,Rabi,2025,92,91,90,92,43,81.6,Foxtail Millet,High,19
AP_ANP_00486,Summer,2025,86,81,95,62,57,76.2,Foxtail Millet,Medium,40
AP_ANP_00487,Kharif,2025,98,83,40,42,42,61.0,Sunflower,High,34
AP_ANP_00487,Rabi,2025,72,75,68,97,65,75.4,Bengal Gram,Medium,59
AP_ANP_00487,Summer,2025,66,72,61,87,42,65.6,Sunflower,High,13
AP_ANP_00488,Kharif,2025,60,76,82,70,60,69.6,Pearl Millet,Medium,44
AP_ANP_00488,Rabi,2025,77,63,50,80,68,67.6,Bengal Gram,High,28
AP_ANP_00488,Summer,2025,85,88,61,53,88,75.0,Foxtail Millet,Low,53
AP_ANP_00489,Kharif,2025,55,72,52,77,88,68.8,Bengal Gram,Medium,47
AP_ANP_00489,Rabi,2025,78,72,72,68,44,66.8,Foxtail Millet,Medium,42
AP_ANP_00489,Summer,2025,52,91,49,63,49,60.8,Foxtail Millet,High,12
AP_ANP_00490,Kharif,2025,98,89,91,73,88,87.8,Bengal Gram,Low,54
AP_ANP_00490,Rabi,2025,71,52,72,73,72,68.0,Sunflower,High,16
AP_ANP_00490,Summer,2025,63,61,84,62,69,67.8,Bengal Gram,High,16
AP_ANP_00491,Kharif,2025,72,44,88,67,47,63.6,Bengal Gram,Medium,14
AP_ANP_00491,Rabi,2025,72,96,44,77,73,72.4,Pearl Millet,High,13
AP_ANP_00491,Summer,2025,78,93,65,72,72,76.0,Bengal Gram,Low,54
AP_ANP_00492,Kharif,2025,94,95,65,62,57,74.6,Bengal Gram,Medium,10
AP_ANP_00492,Rabi,2025,81,48,42,99,90,72.0,Pearl Millet,Medium,60
AP_ANP_00492,Summer,2025,55,63,89,53,42,60.4,Pearl Millet,Medium,33
AP_ANP_00493,Kharif,2025,48,52,41,46,87,54.8,Sunflower,Low,56
AP_ANP_00493,Rabi,2025,61,50,72,71,60,62.8,Bengal Gram,High,46
AP_ANP_00493,Summer,2025,48,64,64,72,41,57.8,Red Gram,Medium,51
AP_ANP_00494,Kharif,2025,80,81,68,45,56,66.0,Bengal Gram,Low,13
AP_ANP_00494,Rabi,2025,69,59,42,62,90,64.4,Pearl Millet,Medium,45
AP_ANP_00494,Summer,2025,47,56,70,76,84,66.6,Foxtail Millet,Low,54
AP_ANP_00495,Kharif,2025,43,61,65,71,63,60.6,Red Gram,Medium,16
AP_ANP_00495,Rabi,2025,72,70,94,51,50,67.4,Foxtail Millet,High,31
AP_ANP_00495,Summer,2025,73,58,91,59,95,75.2,Foxtail Millet,High,13
AP_ANP_00496,Kharif,2025,66,67,82,55,98,73.6,Bengal Gram,High,28
AP_ANP_00496,Rabi,2025,60,61,48,48,48,53.0,Red Gram,Medium,54
AP_ANP_00496,Summer,2025,47,55,57,98,72,65.8,Foxtail Millet,Medium,50
AP_ANP_00497,Kharif,2025,94,44,98,55,57,69.6,Foxtail Millet,Low,28
AP_ANP_00497,Rabi,2025,93,47,42,97,64,68.6,Pearl Millet,Medium,49
AP_ANP_00497,Summer,2025,58,57,89,92,70,73.2,Foxtail Millet,High,48
AP_ANP_00498,Kharif,2025,55,55,86,77,80,70.6,Red Gram,Medium,57
AP_ANP_00498,Rabi,2025,64,71,77,61,98,74.2,Bengal Gram,Medium,21
AP_ANP_00498,Summer,2025,56,76,66,64,52,62.8,Sunflower,Low,12
AP_ANP_00499,Kharif,2025,74,72,96,61,89,78.4,Bengal Gram,Low,27
AP_ANP_00499,Rabi,2025,89,68,78,66,75,75.2,Sunflower,Medium,43
AP_ANP_00499,Summer,2025,85,42,44,53,42,53.2,Pearl Millet,Medium,32
AP_ANP_00500,Kharif,2025,66,93,49,64,52,64.8,Foxtail Millet,Medium,46
AP_ANP_00500,Rabi,2025,61,56,62,93,75,69.4,Foxtail Millet,Medium,11
AP_ANP_00500,Summer,2025,71,95,89,92,98,89.0,Red Gram,High,10
